"M0 z","M0 rho 68 percent lower","M0 rho 68 percent upper","M0 rho 95 percent lower","M0 rho 95 percent upper","M0 rho best","M1 z","M1 rho 68 percent lower","M1 rho 68 percent upper","M1 rho 95 percent lower","M1 rho 95 percent upper","M1 rho best","M2 z","M2 rho 68 percent lower","M2 rho 68 percent upper","M2 rho 95 percent lower","M2 rho 95 percent upper","M2 rho best","M3 z","M3 rho 68 percent lower","M3 rho 68 percent upper","M3 rho 95 percent lower","M3 rho 95 percent upper","M3 rho best","M4 z","M4 rho 68 percent lower","M4 rho 68 percent upper","M4 rho 95 percent lower","M4 rho 95 percent upper","M4 rho best","M5 z","M5 rho 68 percent lower","M5 rho 68 percent upper","M5 rho 95 percent lower","M5 rho 95 percent upper","M5 rho best"
-536.819,6.03319,6.05973,6.02982,6.06488,6.05279,-536.819,6.03319,6.05973,6.02982,6.06488,6.05279,-536.819,6.03319,6.05973,6.02982,6.06488,6.05279,-547.047,6.03311,6.05974,6.02979,6.06474,6.05260,-547.047,6.03311,6.05974,6.02979,6.06474,6.05260,-547.047,6.03311,6.05974,6.02979,6.06474,6.05260
-534.071,6.03319,6.05973,6.02982,6.06481,6.05279,-534.071,6.03319,6.05973,6.02982,6.06481,6.05279,-534.071,6.03319,6.05973,6.02982,6.06481,6.05279,-544.248,6.03311,6.05966,6.02979,6.06474,6.05260,-544.248,6.03311,6.05966,6.02979,6.06474,6.05260,-544.248,6.03311,6.05966,6.02979,6.06474,6.05260
-531.323,6.03319,6.05973,6.02982,6.06459,6.05279,-531.323,6.03319,6.05973,6.02982,6.06459,6.05279,-531.323,6.03319,6.05973,6.02982,6.06459,6.05279,-541.448,6.03311,6.05945,6.02979,6.06466,6.05260,-541.448,6.03311,6.05945,6.02979,6.06466,6.05260,-541.448,6.03311,6.05945,6.02979,6.06466,6.05260
-528.575,6.03319,6.05971,6.02975,6.06424,6.05279,-528.575,6.03319,6.05971,6.02975,6.06424,6.05279,-528.575,6.03319,6.05971,6.02975,6.06424,6.05279,-538.649,6.03311,6.05921,6.02971,6.06441,6.05260,-538.649,6.03311,6.05921,6.02971,6.06441,6.05260,-538.649,6.03311,6.05921,6.02971,6.06441,6.05260
-525.827,6.03319,6.05951,6.02946,6.06375,6.05251,-525.827,6.03319,6.05951,6.02946,6.06375,6.05251,-525.827,6.03319,6.05951,6.02946,6.06375,6.05251,-535.849,6.03311,6.05887,6.02951,6.06399,6.05260,-535.849,6.03311,6.05887,6.02951,6.06399,6.05260,-535.849,6.03311,6.05887,6.02951,6.06399,6.05260
-523.079,6.03308,6.05921,6.02895,6.06366,6.05206,-523.079,6.03308,6.05921,6.02895,6.06366,6.05206,-523.079,6.03308,6.05921,6.02895,6.06366,6.05206,-533.050,6.03311,6.05846,6.02901,6.06341,6.05260,-533.050,6.03311,6.05846,6.02901,6.06341,6.05260,-533.050,6.03311,6.05846,6.02901,6.06341,6.05260
-520.331,6.03272,6.05863,6.02821,6.06326,6.05136,-520.331,6.03272,6.05863,6.02821,6.06326,6.05136,-520.331,6.03272,6.05863,6.02821,6.06326,6.05136,-530.251,6.03300,6.05754,6.02828,6.06262,6.05234,-530.251,6.03300,6.05754,6.02828,6.06262,6.05234,-530.251,6.03300,6.05754,6.02828,6.06262,6.05234
-517.583,6.03208,6.05742,6.02718,6.06257,6.05033,-517.583,6.03208,6.05742,6.02718,6.06257,6.05033,-517.583,6.03208,6.05742,6.02718,6.06257,6.05033,-527.451,6.03265,6.05585,6.02715,6.06147,6.05176,-527.451,6.03265,6.05585,6.02715,6.06147,6.05176,-527.451,6.03265,6.05585,6.02715,6.06147,6.05176
-514.835,6.03112,6.05575,6.02564,6.06157,6.04884,-514.835,6.03112,6.05575,6.02564,6.06157,6.04884,-514.835,6.03112,6.05575,6.02564,6.06157,6.04884,-524.652,6.03159,6.05441,6.02533,6.06042,6.05086,-524.652,6.03159,6.05441,6.02533,6.06042,6.05086,-524.652,6.03159,6.05441,6.02533,6.06042,6.05086
-512.087,6.02990,6.05356,6.02348,6.06016,6.04673,-512.087,6.02990,6.05356,6.02348,6.06016,6.04673,-512.087,6.02990,6.05356,6.02348,6.06016,6.04673,-521.852,6.02998,6.05344,6.02295,6.05905,6.04950,-521.852,6.02998,6.05344,6.02295,6.05905,6.04950,-521.852,6.02998,6.05344,6.02295,6.05905,6.04950
-509.339,6.02807,6.05020,6.02063,6.05821,6.04381,-509.339,6.02807,6.05020,6.02063,6.05821,6.04381,-509.339,6.02807,6.05020,6.02063,6.05821,6.04381,-519.053,6.02836,6.05123,6.01984,6.05708,6.04752,-519.053,6.02836,6.05123,6.01984,6.05708,6.04752,-519.053,6.02836,6.05123,6.01984,6.05708,6.04752
-506.590,6.02586,6.04586,6.01692,6.05556,6.03988,-506.590,6.02586,6.04586,6.01692,6.05556,6.03988,-506.590,6.02586,6.04586,6.01692,6.05556,6.03988,-516.253,6.02606,6.04712,6.01588,6.05430,6.04467,-516.253,6.02606,6.04712,6.01588,6.05430,6.04467,-516.253,6.02606,6.04712,6.01588,6.05430,6.04467
-503.842,6.02117,6.04153,6.01196,6.05171,6.03470,-503.842,6.02117,6.04153,6.01196,6.05171,6.03470,-503.842,6.02117,6.04153,6.01196,6.05171,6.03470,-513.454,6.02256,6.04297,6.01087,6.05046,6.04070,-513.454,6.02256,6.04297,6.01087,6.05046,6.04070,-513.454,6.02256,6.04297,6.01087,6.05046,6.04070
-501.094,6.01484,6.03644,6.00571,6.04648,6.02806,-501.094,6.01484,6.03644,6.00571,6.04648,6.02806,-501.094,6.01484,6.03644,6.00571,6.04648,6.02806,-510.654,6.01627,6.03801,6.00466,6.04575,6.03531,-510.654,6.01627,6.03801,6.00466,6.04575,6.03531,-510.654,6.01627,6.03801,6.00466,6.04575,6.03531
-498.346,6.00707,6.02980,5.99825,6.03971,6.01974,-498.346,6.00707,6.02980,5.99825,6.03971,6.01974,-498.346,6.00707,6.02980,5.99825,6.03971,6.01974,-507.855,6.00912,6.03198,5.99705,6.03959,6.02815,-507.855,6.00912,6.03198,5.99705,6.03959,6.02815,-507.855,6.00912,6.03198,5.99705,6.03959,6.02815
-495.598,5.99783,6.02211,5.98928,6.03230,6.00956,-495.598,5.99783,6.02211,5.98928,6.03230,6.00956,-495.598,5.99783,6.02211,5.98928,6.03230,6.00956,-505.055,6.00005,6.02322,5.98787,6.03129,6.01890,-505.055,6.00005,6.02322,5.98787,6.03129,6.01890,-505.055,6.00005,6.02322,5.98787,6.03129,6.01890
-492.850,5.98701,6.01238,5.97860,6.02337,5.99741,-492.850,5.98701,6.01238,5.97860,6.02337,5.99741,-492.850,5.98701,6.01238,5.97860,6.02337,5.99741,-502.256,5.98792,6.01287,5.97698,6.02043,6.00724,-502.256,5.98792,6.01287,5.97698,6.02043,6.00724,-502.256,5.98792,6.01287,5.97698,6.02043,6.00724
-490.102,5.97446,6.00098,5.96610,6.01255,5.98326,-490.102,5.97446,6.00098,5.96610,6.01255,5.98326,-490.102,5.97446,6.00098,5.96610,6.01255,5.98326,-499.456,5.97351,5.99981,5.96317,6.00843,5.99291,-499.456,5.97351,5.99981,5.96317,6.00843,5.99291,-499.456,5.97351,5.99981,5.96317,6.00843,5.99291
-487.354,5.96018,5.98706,5.95172,5.99969,5.96717,-487.354,5.96018,5.98706,5.95172,5.99969,5.96717,-487.354,5.96018,5.98706,5.95172,5.99969,5.96717,-496.657,5.95807,5.98424,5.94691,5.99245,5.97576,-496.657,5.95807,5.98424,5.94691,5.99245,5.97576,-496.657,5.95807,5.98424,5.94691,5.99245,5.97576
-484.606,5.94406,5.97062,5.93438,5.98473,5.94933,-484.606,5.94406,5.97062,5.93438,5.98473,5.94933,-484.606,5.94406,5.97062,5.93438,5.98473,5.94933,-493.857,5.94053,5.96684,5.92886,5.97507,5.95574,-493.857,5.94053,5.96684,5.92886,5.97507,5.95574,-493.857,5.94053,5.96684,5.92886,5.97507,5.95574
-481.858,5.92622,5.95218,5.91455,5.96769,5.93001,-481.858,5.92622,5.95218,5.91455,5.96769,5.93001,-481.858,5.92622,5.95218,5.91455,5.96769,5.93001,-491.058,5.92119,5.94596,5.90932,5.95541,5.93297,-491.058,5.92119,5.94596,5.90932,5.95541,5.93297,-491.058,5.92119,5.94596,5.90932,5.95541,5.93297
-479.110,5.90697,5.93234,5.89319,5.94902,5.90961,-479.110,5.90697,5.93234,5.89319,5.94902,5.90961,-479.110,5.90697,5.93234,5.89319,5.94902,5.90961,-488.258,5.89785,5.92192,5.88811,5.93415,5.90774,-488.258,5.89785,5.92192,5.88811,5.93415,5.90774,-488.258,5.89785,5.92192,5.88811,5.93415,5.90774
-476.362,5.88511,5.91196,5.87074,5.92930,5.88859,-476.362,5.88511,5.91196,5.87074,5.92930,5.88859,-476.362,5.88511,5.91196,5.87074,5.92930,5.88859,-485.459,5.87375,5.89935,5.86455,5.91066,5.88053,-485.459,5.87375,5.89935,5.86455,5.91066,5.88053,-485.459,5.87375,5.89935,5.86455,5.91066,5.88053
-473.614,5.86084,5.89132,5.84822,5.90809,5.86747,-473.614,5.86084,5.89132,5.84822,5.90809,5.86747,-473.614,5.86084,5.89132,5.84822,5.90809,5.86747,-482.659,5.84776,5.87372,5.83986,5.88537,5.85195,-482.659,5.84776,5.87372,5.83986,5.88537,5.85195,-482.659,5.84776,5.87372,5.83986,5.88537,5.85195
-470.865,5.83673,5.87045,5.82607,5.88573,5.84680,-470.865,5.83673,5.87045,5.82607,5.88573,5.84680,-470.865,5.83673,5.87045,5.82607,5.88573,5.84680,-479.860,5.82042,5.84874,5.81287,5.85889,5.82278,-479.860,5.82042,5.84874,5.81287,5.85889,5.82278,-479.860,5.82042,5.84874,5.81287,5.85889,5.82278
-468.117,5.81423,5.84573,5.80462,5.86270,5.82711,-468.117,5.81423,5.84573,5.80462,5.86270,5.82711,-468.117,5.81423,5.84573,5.80462,5.86270,5.82711,-477.060,5.79349,5.82367,5.78656,5.83195,5.79385,-477.060,5.79349,5.82367,5.78656,5.83195,5.79385,-477.060,5.79349,5.82367,5.78656,5.83195,5.79385
-465.369,5.79178,5.82333,5.78144,5.84070,5.80889,-465.369,5.79178,5.82333,5.78144,5.84070,5.80889,-465.369,5.79178,5.82333,5.78144,5.84070,5.80889,-474.261,5.76795,5.79961,5.76034,5.80652,5.76604,-474.261,5.76795,5.79961,5.76034,5.80652,5.76604,-474.261,5.76795,5.79961,5.76034,5.80652,5.76604
-462.621,5.76790,5.80286,5.76069,5.82175,5.79260,-462.621,5.76790,5.80286,5.76069,5.82175,5.79260,-462.621,5.76790,5.80286,5.76069,5.82175,5.79260,-471.461,5.74192,5.77476,5.73539,5.78244,5.74022,-471.461,5.74192,5.77476,5.73539,5.78244,5.74022,-471.461,5.74192,5.77476,5.73539,5.78244,5.74022
-459.873,5.74751,5.78487,5.74344,5.80440,5.77863,-459.873,5.74751,5.78487,5.74344,5.80440,5.77863,-459.873,5.74751,5.78487,5.74344,5.80440,5.77863,-468.662,5.71897,5.75294,5.71320,5.76060,5.71716,-468.662,5.71897,5.75294,5.71320,5.76060,5.71716,-468.662,5.71897,5.75294,5.71320,5.76060,5.71716
-457.125,5.73156,5.77109,5.72446,5.78984,5.76731,-457.125,5.73156,5.77109,5.72446,5.78984,5.76731,-457.125,5.73156,5.77109,5.72446,5.78984,5.76731,-465.862,5.69933,5.73296,5.69369,5.74200,5.69754,-465.862,5.69933,5.73296,5.69369,5.74200,5.69754,-465.862,5.69933,5.73296,5.69369,5.74200,5.69754
-454.377,5.71938,5.75980,5.70933,5.77999,5.75895,-454.377,5.71938,5.75980,5.70933,5.77999,5.75895,-454.377,5.71938,5.75980,5.70933,5.77999,5.75895,-463.063,5.68347,5.71604,5.67677,5.72609,5.68189,-463.063,5.68347,5.71604,5.67677,5.72609,5.68189,-463.063,5.68347,5.71604,5.67677,5.72609,5.68189
-451.629,5.71079,5.75395,5.69989,5.77300,5.75383,-451.629,5.71079,5.75395,5.69989,5.77300,5.75383,-451.629,5.71079,5.75395,5.69989,5.77300,5.75383,-460.264,5.67343,5.70416,5.66415,5.71340,5.67061,-460.264,5.67343,5.70416,5.66415,5.71340,5.67061,-460.264,5.67343,5.70416,5.66415,5.71340,5.67061
-448.881,5.70643,5.75020,5.69568,5.76923,5.75225,-448.881,5.70643,5.75020,5.69568,5.76923,5.75225,-448.881,5.70643,5.75020,5.69568,5.76923,5.75225,-457.464,5.66600,5.69775,5.65521,5.70444,5.66395,-457.464,5.66600,5.69775,5.65521,5.70444,5.66395,-457.464,5.66600,5.69775,5.65521,5.70444,5.66395
-446.133,5.70735,5.75220,5.69680,5.76904,5.75454,-446.133,5.70735,5.75220,5.69680,5.76904,5.75454,-446.133,5.70735,5.75220,5.69680,5.76904,5.75454,-454.665,5.66290,5.69321,5.64963,5.69961,5.66203,-454.665,5.66290,5.69321,5.64963,5.69961,5.66203,-454.665,5.66290,5.69321,5.64963,5.69961,5.66203
-443.385,5.71567,5.75958,5.70539,5.77372,5.76105,-443.385,5.71567,5.75958,5.70539,5.77372,5.76105,-443.385,5.71567,5.75958,5.70539,5.77372,5.76105,-451.865,5.66445,5.69424,5.64950,5.70177,5.66486,-451.865,5.66445,5.69424,5.64950,5.70177,5.66486,-451.865,5.66445,5.69424,5.64950,5.70177,5.66486
-440.637,5.73298,5.77210,5.72022,5.78475,5.77214,-440.637,5.73298,5.77210,5.72022,5.78475,5.77214,-440.637,5.73298,5.77210,5.72022,5.78475,5.77214,-449.066,5.66990,5.69962,5.65471,5.70772,5.67239,-449.066,5.66990,5.69962,5.65471,5.70772,5.67239,-449.066,5.66990,5.69962,5.65471,5.70772,5.67239
-437.889,5.75549,5.79045,5.74071,5.80493,5.78819,-437.889,5.75549,5.79045,5.74071,5.80493,5.78819,-437.889,5.75549,5.79045,5.74071,5.80493,5.78819,-446.266,5.67928,5.71228,5.66495,5.71924,5.68450,-446.266,5.67928,5.71228,5.66495,5.71924,5.68450,-446.266,5.67928,5.71228,5.66495,5.71924,5.68450
-435.140,5.78222,5.81343,5.76604,5.83032,5.80950,-435.140,5.78222,5.81343,5.76604,5.83032,5.80950,-435.140,5.78222,5.81343,5.76604,5.83032,5.80950,-443.467,5.69352,5.72871,5.67881,5.73604,5.70103,-443.467,5.69352,5.72871,5.67881,5.73604,5.70103,-443.467,5.69352,5.72871,5.67881,5.73604,5.70103
-432.392,5.81349,5.84264,5.79784,5.86067,5.83627,-432.392,5.81349,5.84264,5.79784,5.86067,5.83627,-432.392,5.81349,5.84264,5.79784,5.86067,5.83627,-440.667,5.71308,5.74883,5.69757,5.75693,5.72178,-440.667,5.71308,5.74883,5.69757,5.75693,5.72178,-440.667,5.71308,5.74883,5.69757,5.75693,5.72178
-429.644,5.85148,5.88146,5.83561,5.89561,5.86854,-429.644,5.85148,5.88146,5.83561,5.89561,5.86854,-429.644,5.85148,5.88146,5.83561,5.89561,5.86854,-437.868,5.73835,5.77250,5.72176,5.78174,5.74652,-437.868,5.73835,5.77250,5.72176,5.78174,5.74652,-437.868,5.73835,5.77250,5.72176,5.78174,5.74652
-426.896,5.89423,5.92417,5.87866,5.93583,5.90610,-426.896,5.89423,5.92417,5.87866,5.93583,5.90610,-426.896,5.89423,5.92417,5.87866,5.93583,5.90610,-435.068,5.76771,5.79990,5.75109,5.81163,5.77500,-435.068,5.76771,5.79990,5.75109,5.81163,5.77500,-435.068,5.76771,5.79990,5.75109,5.81163,5.77500
-424.148,5.94043,5.96879,5.92559,5.98341,5.94851,-424.148,5.94043,5.96879,5.92559,5.98341,5.94851,-424.148,5.94043,5.96879,5.92559,5.98341,5.94851,-432.269,5.80147,5.83212,5.78500,5.84478,5.80692,-432.269,5.80147,5.83212,5.78500,5.84478,5.80692,-432.269,5.80147,5.83212,5.78500,5.84478,5.80692
-421.400,5.99035,6.01841,5.97379,6.03110,5.99503,-421.400,5.99035,6.01841,5.97379,6.03110,5.99503,-421.400,5.99035,6.01841,5.97379,6.03110,5.99503,-429.469,5.83876,5.86679,5.82153,5.88094,5.84193,-429.469,5.83876,5.86679,5.82153,5.88094,5.84193,-429.469,5.83876,5.86679,5.82153,5.88094,5.84193
-418.652,6.04050,6.06876,6.02514,6.08354,6.04469,-418.652,6.04050,6.06876,6.02514,6.08354,6.04469,-418.652,6.04050,6.06876,6.02514,6.08354,6.04469,-426.670,5.87822,5.90561,5.85992,5.91939,5.87963,-426.670,5.87822,5.90561,5.85992,5.91939,5.87963,-426.670,5.87822,5.90561,5.85992,5.91939,5.87963
-415.904,6.09092,6.12011,6.07867,6.13583,6.09627,-415.904,6.09092,6.12011,6.07867,6.13583,6.09627,-415.904,6.09092,6.12011,6.07867,6.13583,6.09627,-423.870,5.91854,5.94828,5.90216,5.95963,5.91957,-423.870,5.91854,5.94828,5.90216,5.95963,5.91957,-423.870,5.91854,5.94828,5.90216,5.95963,5.91957
-413.156,6.14192,6.16935,6.13161,6.18611,6.14847,-413.156,6.14192,6.16935,6.13161,6.18611,6.14847,-413.156,6.14192,6.16935,6.13161,6.18611,6.14847,-421.071,5.96138,5.99085,5.94512,6.00112,5.96125,-421.071,5.96138,5.99085,5.94512,6.00112,5.96125,-421.071,5.96138,5.99085,5.94512,6.00112,5.96125
-410.408,6.19195,6.21917,6.18041,6.23377,6.19990,-410.408,6.19195,6.21917,6.18041,6.23377,6.19990,-410.408,6.19195,6.21917,6.18041,6.23377,6.19990,-418.271,6.00546,6.03427,5.98930,6.04561,6.00412,-418.271,6.00546,6.03427,5.98930,6.04561,6.00412,-418.271,6.00546,6.03427,5.98930,6.04561,6.00412
-407.660,6.23911,6.26802,6.22798,6.27919,6.24929,-407.660,6.23911,6.26802,6.22798,6.27919,6.24929,-407.660,6.23911,6.26802,6.22798,6.27919,6.24929,-415.472,6.04973,6.07789,6.03418,6.09278,6.04762,-415.472,6.04973,6.07789,6.03418,6.09278,6.04762,-415.472,6.04973,6.07789,6.03418,6.09278,6.04762
-404.912,6.28499,6.31240,6.27285,6.32318,6.29549,-404.912,6.28499,6.31240,6.27285,6.32318,6.29549,-404.912,6.28499,6.31240,6.27285,6.32318,6.29549,-412.672,6.09389,6.12114,6.07880,6.13894,6.09115,-412.672,6.09389,6.12114,6.07880,6.13894,6.09115,-412.672,6.09389,6.12114,6.07880,6.13894,6.09115
-402.164,6.32433,6.34996,6.31245,6.36162,6.33760,-402.164,6.32433,6.34996,6.31245,6.36162,6.33760,-402.164,6.32433,6.34996,6.31245,6.36162,6.33760,-409.873,6.13726,6.16426,6.12270,6.18343,6.13413,-409.873,6.13726,6.16426,6.12270,6.18343,6.13413,-409.873,6.13726,6.16426,6.12270,6.18343,6.13413
-399.415,6.35976,6.38646,6.34701,6.39713,6.37499,-399.415,6.35976,6.38646,6.34701,6.39713,6.37499,-399.415,6.35976,6.38646,6.34701,6.39713,6.37499,-407.073,6.17960,6.20604,6.16550,6.22569,6.17602,-407.073,6.17960,6.20604,6.16550,6.22569,6.17602,-407.073,6.17960,6.20604,6.16550,6.22569,6.17602
-396.667,6.39090,6.41728,6.37769,6.42814,6.40734,-396.667,6.39090,6.41728,6.37769,6.42814,6.40734,-396.667,6.39090,6.41728,6.37769,6.42814,6.40734,-404.274,6.21925,6.24560,6.20669,6.26527,6.21629,-404.274,6.21925,6.24560,6.20669,6.26527,6.21629,-404.274,6.21925,6.24560,6.20669,6.26527,6.21629
-393.919,6.41827,6.44164,6.40494,6.45362,6.43461,-393.919,6.41827,6.44164,6.40494,6.45362,6.43461,-393.919,6.41827,6.44164,6.40494,6.45362,6.43461,-401.474,6.25697,6.28250,6.24581,6.30182,6.25450,-401.474,6.25697,6.28250,6.24581,6.30182,6.25450,-401.474,6.25697,6.28250,6.24581,6.30182,6.25450
-391.171,6.44133,6.46231,6.42839,6.47397,6.45701,-391.171,6.44133,6.46231,6.42839,6.47397,6.45701,-391.171,6.44133,6.46231,6.42839,6.47397,6.45701,-398.675,6.29245,6.31789,6.28248,6.33512,6.29029,-398.675,6.29245,6.31789,6.28248,6.33512,6.29029,-398.675,6.29245,6.31789,6.28248,6.33512,6.29029
-388.423,6.46052,6.47984,6.44816,6.48976,6.47494,-388.423,6.46052,6.47984,6.44816,6.48976,6.47494,-388.423,6.46052,6.47984,6.44816,6.48976,6.47494,-395.876,6.32526,6.34991,6.31641,6.36584,6.32337,-395.876,6.32526,6.34991,6.31641,6.36584,6.32337,-395.876,6.32526,6.34991,6.31641,6.36584,6.32337
-385.675,6.47568,6.49428,6.46454,6.50199,6.48893,-385.675,6.47568,6.49428,6.46454,6.50199,6.48893,-385.675,6.47568,6.49428,6.46454,6.50199,6.48893,-393.076,6.35522,6.37909,6.34740,6.39352,6.35354,-393.076,6.35522,6.37909,6.34740,6.39352,6.35354,-393.076,6.35522,6.37909,6.34740,6.39352,6.35354
-382.927,6.48763,6.50396,6.47787,6.51166,6.49955,-382.927,6.48763,6.50396,6.47787,6.51166,6.49955,-382.927,6.48763,6.50396,6.47787,6.51166,6.49955,-390.277,6.38201,6.40514,6.37541,6.41772,6.38069,-390.277,6.38201,6.40514,6.37541,6.41772,6.38069,-390.277,6.38201,6.40514,6.37541,6.41772,6.38069
-380.179,6.49694,6.51046,6.48774,6.51873,6.50742,-380.179,6.49694,6.51046,6.48774,6.51873,6.50742,-380.179,6.49694,6.51046,6.48774,6.51873,6.50742,-387.477,6.40607,6.42757,6.40060,6.43857,6.40482,-387.477,6.40607,6.42757,6.40060,6.43857,6.40482,-387.477,6.40607,6.42757,6.40060,6.43857,6.40482
-377.431,6.50427,6.51609,6.49534,6.52382,6.51309,-377.431,6.50427,6.51609,6.49534,6.52382,6.51309,-377.431,6.50427,6.51609,6.49534,6.52382,6.51309,-384.678,6.42698,6.44704,6.42272,6.45633,6.42597,-384.678,6.42698,6.44704,6.42272,6.45633,6.42597,-384.678,6.42698,6.44704,6.42272,6.45633,6.42597
-374.683,6.50940,6.52121,6.50124,6.52834,6.51708,-374.683,6.50940,6.52121,6.50124,6.52834,6.51708,-374.683,6.50940,6.52121,6.50124,6.52834,6.51708,-381.878,6.44482,6.46366,6.44036,6.47305,6.44428,-381.878,6.44482,6.46366,6.44036,6.47305,6.44428,-381.878,6.44482,6.46366,6.44036,6.47305,6.44428
-371.935,6.51314,6.52510,6.50609,6.53162,6.51981,-371.935,6.51314,6.52510,6.50609,6.53162,6.51981,-371.935,6.51314,6.52510,6.50609,6.53162,6.51981,-379.079,6.46049,6.47785,6.45559,6.48699,6.45991,-379.079,6.46049,6.47785,6.45559,6.48699,6.45991,-379.079,6.46049,6.47785,6.45559,6.48699,6.45991
-369.187,6.51592,6.52839,6.50976,6.53403,6.52164,-369.187,6.51592,6.52839,6.50976,6.53403,6.52164,-369.187,6.51592,6.52839,6.50976,6.53403,6.52164,-376.279,6.47363,6.48835,6.46858,6.49847,6.47308,-376.279,6.47363,6.48835,6.46858,6.49847,6.47308,-376.279,6.47363,6.48835,6.46858,6.49847,6.47308
-366.439,6.51787,6.53042,6.51249,6.53569,6.52282,-366.439,6.51787,6.53042,6.51249,6.53569,6.52282,-366.439,6.51787,6.53042,6.51249,6.53569,6.52282,-373.480,6.48517,6.49814,6.47941,6.50777,6.48404,-373.480,6.48517,6.49814,6.47941,6.50777,6.48404,-373.480,6.48517,6.49814,6.47941,6.50777,6.48404
-363.690,6.51917,6.53205,6.51390,6.53680,6.52357,-363.690,6.51917,6.53205,6.51390,6.53680,6.52357,-363.690,6.51917,6.53205,6.51390,6.53680,6.52357,-370.680,6.49372,6.50638,6.48826,6.51521,6.49303,-370.680,6.49372,6.50638,6.48826,6.51521,6.49303,-370.680,6.49372,6.50638,6.48826,6.51521,6.49303
-360.942,6.52018,6.53317,6.51476,6.53753,6.52404,-360.942,6.52018,6.53317,6.51476,6.53753,6.52404,-360.942,6.52018,6.53317,6.51476,6.53753,6.52404,-367.881,6.50033,6.51305,6.49488,6.52108,6.50032,-367.881,6.50033,6.51305,6.49488,6.52108,6.50032,-367.881,6.50033,6.51305,6.49488,6.52108,6.50032
-358.194,6.52094,6.53394,6.51532,6.53801,6.52432,-358.194,6.52094,6.53394,6.51532,6.53801,6.52432,-358.194,6.52094,6.53394,6.51532,6.53801,6.52432,-365.081,6.50613,6.51841,6.50012,6.52565,6.50615,-365.081,6.50613,6.51841,6.50012,6.52565,6.50615,-365.081,6.50613,6.51841,6.50012,6.52565,6.50615
-355.446,6.52161,6.53445,6.51568,6.53830,6.52448,-355.446,6.52161,6.53445,6.51568,6.53830,6.52448,-355.446,6.52161,6.53445,6.51568,6.53830,6.52448,-362.282,6.51010,6.52256,6.50422,6.52886,6.51074,-362.282,6.51010,6.52256,6.50422,6.52886,6.51074,-362.282,6.51010,6.52256,6.50422,6.52886,6.51074
-352.698,6.52201,6.53478,6.51591,6.53848,6.52457,-352.698,6.52201,6.53478,6.51591,6.53848,6.52457,-352.698,6.52201,6.53478,6.51591,6.53848,6.52457,-359.482,6.51308,6.52582,6.50739,6.53121,6.51432,-359.482,6.51308,6.52582,6.50739,6.53121,6.51432,-359.482,6.51308,6.52582,6.50739,6.53121,6.51432
-349.950,6.52217,6.53499,6.51605,6.53859,6.52463,-349.950,6.52217,6.53499,6.51605,6.53859,6.52463,-349.950,6.52217,6.53499,6.51605,6.53859,6.52463,-356.683,6.51560,6.52833,6.50980,6.53294,6.51708,-356.683,6.51560,6.52833,6.50980,6.53294,6.51708,-356.683,6.51560,6.52833,6.50980,6.53294,6.51708
-347.202,6.52226,6.53512,6.51613,6.53866,6.52465,-347.202,6.52226,6.53512,6.51613,6.53866,6.52465,-347.202,6.52226,6.53512,6.51613,6.53866,6.52465,-353.883,6.51761,6.53024,6.51161,6.53419,6.51916,-353.883,6.51761,6.53024,6.51161,6.53419,6.51916,-353.883,6.51761,6.53024,6.51161,6.53419,6.51916
-344.454,6.52238,6.53519,6.51618,6.53870,6.52467,-344.454,6.52238,6.53519,6.51618,6.53870,6.52467,-344.454,6.52238,6.53519,6.51618,6.53870,6.52467,-351.084,6.51920,6.53166,6.51295,6.53520,6.52073,-351.084,6.51920,6.53166,6.51295,6.53520,6.52073,-351.084,6.51920,6.53166,6.51295,6.53520,6.52073
-341.706,6.52246,6.53524,6.51621,6.53872,6.52468,-341.706,6.52246,6.53524,6.51621,6.53872,6.52468,-341.706,6.52246,6.53524,6.51621,6.53872,6.52468,-348.284,6.52027,6.53271,6.51394,6.53610,6.52188,-348.284,6.52027,6.53271,6.51394,6.53610,6.52188,-348.284,6.52027,6.53271,6.51394,6.53610,6.52188
-338.958,6.52248,6.53526,6.51623,6.53873,6.52468,-338.958,6.52248,6.53526,6.51623,6.53873,6.52468,-338.958,6.52248,6.53526,6.51623,6.53873,6.52468,-345.485,6.52105,6.53349,6.51464,6.53685,6.52272,-345.485,6.52105,6.53349,6.51464,6.53685,6.52272,-345.485,6.52105,6.53349,6.51464,6.53685,6.52272
-336.210,6.52249,6.53528,6.51624,6.53874,6.52468,-336.210,6.52249,6.53528,6.51624,6.53874,6.52468,-336.210,6.52249,6.53528,6.51624,6.53874,6.52468,-342.685,6.52156,6.53405,6.51515,6.53743,6.52333,-342.685,6.52156,6.53405,6.51515,6.53743,6.52333,-342.685,6.52156,6.53405,6.51515,6.53743,6.52333
-333.462,6.52250,6.53529,6.51624,6.53874,6.52468,-333.462,6.52250,6.53529,6.51624,6.53874,6.52468,-333.462,6.52250,6.53529,6.51624,6.53874,6.52468,-339.886,6.52189,6.53446,6.51551,6.53784,6.52376,-339.886,6.52189,6.53446,6.51551,6.53784,6.52376,-339.886,6.52189,6.53446,6.51551,6.53784,6.52376
-330.714,6.52250,6.53529,6.51624,6.53874,6.52468,-330.714,6.52250,6.53529,6.51624,6.53874,6.52468,-330.714,6.52250,6.53529,6.51624,6.53874,6.52468,-337.086,6.52211,6.53476,6.51575,6.53813,6.52406,-337.086,6.52211,6.53476,6.51575,6.53813,6.52406,-337.086,6.52211,6.53476,6.51575,6.53813,6.52406
-327.965,6.52251,6.53530,6.51625,6.53874,6.52468,-327.965,6.52251,6.53530,6.51625,6.53874,6.52468,-327.965,6.52251,6.53530,6.51625,6.53874,6.52468,-334.287,6.52222,6.53496,6.51592,6.53833,6.52427,-334.287,6.52222,6.53496,6.51592,6.53833,6.52427,-334.287,6.52222,6.53496,6.51592,6.53833,6.52427
-325.217,6.52251,6.53530,6.51625,6.53874,6.52468,-325.217,6.52251,6.53530,6.51625,6.53874,6.52468,-325.217,6.52251,6.53530,6.51625,6.53874,6.52468,-331.487,6.52232,6.53506,6.51603,6.53847,6.52441,-331.487,6.52232,6.53506,6.51603,6.53847,6.52441,-331.487,6.52232,6.53506,6.51603,6.53847,6.52441
-322.469,6.52251,6.53530,6.51625,6.53874,6.52468,-322.469,6.52251,6.53530,6.51625,6.53874,6.52468,-322.469,6.52251,6.53530,6.51625,6.53874,6.52468,-328.688,6.52239,6.53513,6.51611,6.53857,6.52451,-328.688,6.52239,6.53513,6.51611,6.53857,6.52451,-328.688,6.52239,6.53513,6.51611,6.53857,6.52451
-319.721,6.52251,6.53530,6.51625,6.53874,6.52468,-319.721,6.52251,6.53530,6.51625,6.53874,6.52468,-319.721,6.52251,6.53530,6.51625,6.53874,6.52468,-325.889,6.52243,6.53519,6.51616,6.53863,6.52457,-325.889,6.52243,6.53519,6.51616,6.53863,6.52457,-325.889,6.52243,6.53519,6.51616,6.53863,6.52457
-316.973,6.52251,6.53530,6.51625,6.53874,6.52468,-316.973,6.52251,6.53530,6.51625,6.53874,6.52468,-316.973,6.52251,6.53530,6.51625,6.53874,6.52468,-323.089,6.52246,6.53523,6.51619,6.53867,6.52461,-323.089,6.52246,6.53523,6.51619,6.53867,6.52461,-323.089,6.52246,6.53523,6.51619,6.53867,6.52461
-314.225,6.52251,6.53530,6.51625,6.53874,6.52468,-314.225,6.52251,6.53530,6.51625,6.53874,6.52468,-314.225,6.52251,6.53530,6.51625,6.53874,6.52468,-320.290,6.52248,6.53525,6.51621,6.53870,6.52464,-320.290,6.52248,6.53525,6.51621,6.53870,6.52464,-320.290,6.52248,6.53525,6.51621,6.53870,6.52464
-311.477,6.52251,6.53530,6.51625,6.53874,6.52468,-311.477,6.52251,6.53530,6.51625,6.53874,6.52468,-311.477,6.52251,6.53530,6.51625,6.53874,6.52468,-317.490,6.52249,6.53527,6.51623,6.53871,6.52466,-317.490,6.52249,6.53527,6.51623,6.53871,6.52466,-317.490,6.52249,6.53527,6.51623,6.53871,6.52466
-308.729,6.52251,6.53530,6.51625,6.53874,6.52468,-308.729,6.52251,6.53530,6.51625,6.53874,6.52468,-308.729,6.52251,6.53530,6.51625,6.53874,6.52468,-314.691,6.52250,6.53528,6.51623,6.53872,6.52467,-314.691,6.52250,6.53528,6.51623,6.53872,6.52467,-314.691,6.52250,6.53528,6.51623,6.53872,6.52467
-305.981,6.52251,6.53530,6.51625,6.53874,6.52468,-305.981,6.52251,6.53530,6.51625,6.53874,6.52468,-305.981,6.52251,6.53530,6.51625,6.53874,6.52468,-311.891,6.52250,6.53529,6.51624,6.53873,6.52467,-311.891,6.52250,6.53529,6.51624,6.53873,6.52467,-311.891,6.52250,6.53529,6.51624,6.53873,6.52467
-303.233,6.52251,6.53530,6.51625,6.53874,6.52468,-303.233,6.52251,6.53530,6.51625,6.53874,6.52468,-303.233,6.52251,6.53530,6.51625,6.53874,6.52468,-309.092,6.52250,6.53529,6.51624,6.53874,6.52468,-309.092,6.52250,6.53529,6.51624,6.53874,6.52468,-309.092,6.52250,6.53529,6.51624,6.53874,6.52468
-300.485,6.52251,6.53530,6.51625,6.53874,6.52468,-300.485,6.52251,6.53530,6.51625,6.53874,6.52468,-300.485,6.52251,6.53530,6.51625,6.53874,6.52468,-306.292,6.52251,6.53529,6.51624,6.53874,6.52468,-306.292,6.52251,6.53529,6.51624,6.53874,6.52468,-306.292,6.52251,6.53529,6.51624,6.53874,6.52468
-297.737,6.52251,6.53530,6.51625,6.53874,6.52468,-297.737,6.52251,6.53530,6.51625,6.53874,6.52468,-297.737,6.52251,6.53530,6.51625,6.53874,6.52468,-303.493,6.52251,6.53530,6.51625,6.53874,6.52468,-303.493,6.52251,6.53530,6.51625,6.53874,6.52468,-303.493,6.52251,6.53530,6.51625,6.53874,6.52468
-294.989,6.52251,6.53530,6.51625,6.53874,6.52468,-294.989,6.52251,6.53530,6.51625,6.53874,6.52468,-294.989,6.52251,6.53530,6.51625,6.53874,6.52468,-300.693,6.52251,6.53530,6.51625,6.53874,6.52468,-300.693,6.52251,6.53530,6.51625,6.53874,6.52468,-300.693,6.52251,6.53530,6.51625,6.53874,6.52468
-292.240,6.52251,6.53530,6.51625,6.53874,6.52468,-292.240,6.52251,6.53530,6.51625,6.53874,6.52468,-292.240,6.52251,6.53530,6.51625,6.53874,6.52468,-297.894,6.52251,6.53530,6.51625,6.53874,6.52468,-297.894,6.52251,6.53530,6.51625,6.53874,6.52468,-297.894,6.52251,6.53530,6.51625,6.53874,6.52468
-289.492,6.52251,6.53530,6.51625,6.53874,6.52468,-289.492,6.52251,6.53530,6.51625,6.53874,6.52468,-289.492,6.52251,6.53530,6.51625,6.53874,6.52468,-295.094,6.52251,6.53530,6.51625,6.53874,6.52468,-295.094,6.52251,6.53530,6.51625,6.53874,6.52468,-295.094,6.52251,6.53530,6.51625,6.53874,6.52468
-286.744,6.52251,6.53530,6.51625,6.53874,6.52468,-286.744,6.52251,6.53530,6.51625,6.53874,6.52468,-286.744,6.52251,6.53530,6.51625,6.53874,6.52468,-292.295,6.52251,6.53530,6.51625,6.53874,6.52468,-292.295,6.52251,6.53530,6.51625,6.53874,6.52468,-292.295,6.52251,6.53530,6.51625,6.53874,6.52468
-283.996,6.52251,6.53530,6.51625,6.53874,6.52468,-283.996,6.52251,6.53530,6.51625,6.53874,6.52468,-283.996,6.52251,6.53530,6.51625,6.53874,6.52468,-289.495,6.52251,6.53530,6.51625,6.53874,6.52468,-289.495,6.52251,6.53530,6.51625,6.53874,6.52468,-289.495,6.52251,6.53530,6.51625,6.53874,6.52468
-281.248,6.52251,6.53530,6.51625,6.53874,6.52468,-281.248,6.52251,6.53530,6.51625,6.53874,6.52468,-281.248,6.52251,6.53530,6.51625,6.53874,6.52468,-286.696,6.52251,6.53530,6.51625,6.53874,6.52468,-286.696,6.52251,6.53530,6.51625,6.53874,6.52468,-286.696,6.52251,6.53530,6.51625,6.53874,6.52468
-278.500,6.52251,6.53530,6.51625,6.53874,6.52468,-278.500,6.52251,6.53530,6.51625,6.53874,6.52468,-278.500,6.52251,6.53530,6.51625,6.53874,6.52468,-283.896,6.52251,6.53530,6.51625,6.53874,6.52468,-283.896,6.52251,6.53530,6.51625,6.53874,6.52468,-283.896,6.52251,6.53530,6.51625,6.53874,6.52468
-275.752,6.52251,6.53530,6.51625,6.53874,6.52468,-275.752,6.52251,6.53530,6.51625,6.53874,6.52468,-275.752,6.52251,6.53530,6.51625,6.53874,6.52468,-281.097,6.52251,6.53530,6.51625,6.53874,6.52468,-281.097,6.52251,6.53530,6.51625,6.53874,6.52468,-281.097,6.52251,6.53530,6.51625,6.53874,6.52468
-273.004,6.52251,6.53530,6.51625,6.53874,6.52468,-273.004,6.52251,6.53530,6.51625,6.53874,6.52468,-273.004,6.52251,6.53530,6.51625,6.53874,6.52468,-278.297,6.52251,6.53530,6.51625,6.53874,6.52468,-278.297,6.52251,6.53530,6.51625,6.53874,6.52468,-278.297,6.52251,6.53530,6.51625,6.53874,6.52468
-270.256,6.52251,6.53530,6.51625,6.53874,6.52468,-270.256,6.52251,6.53530,6.51625,6.53874,6.52468,-270.256,6.52251,6.53530,6.51625,6.53874,6.52468,-275.498,6.52251,6.53530,6.51625,6.53874,6.52468,-275.498,6.52251,6.53530,6.51625,6.53874,6.52468,-275.498,6.52251,6.53530,6.51625,6.53874,6.52468
-267.508,6.52251,6.53530,6.51625,6.53874,6.52468,-267.508,6.52251,6.53530,6.51625,6.53874,6.52468,-267.508,6.52251,6.53530,6.51625,6.53874,6.52468,-272.698,6.52251,6.53530,6.51625,6.53874,6.52468,-272.698,6.52251,6.53530,6.51625,6.53874,6.52468,-272.698,6.52251,6.53530,6.51625,6.53874,6.52468
-264.760,6.52251,6.53530,6.51625,6.53874,6.52468,-264.760,6.52251,6.53530,6.51625,6.53874,6.52468,-264.760,6.52251,6.53530,6.51625,6.53874,6.52468,-269.899,6.52251,6.53530,6.51625,6.53874,6.52468,-269.899,6.52251,6.53530,6.51625,6.53874,6.52468,-269.899,6.52251,6.53530,6.51625,6.53874,6.52468
-262.012,6.52251,6.53530,6.51625,6.53874,6.52468,-262.012,6.52251,6.53530,6.51625,6.53874,6.52468,-262.012,6.52251,6.53530,6.51625,6.53874,6.52468,-267.099,6.52251,6.53530,6.51625,6.53874,6.52468,-267.099,6.52251,6.53530,6.51625,6.53874,6.52468,-267.099,6.52251,6.53530,6.51625,6.53874,6.52468
-259.264,6.52251,6.53530,6.51625,6.53874,6.52468,-259.264,6.52251,6.53530,6.51625,6.53874,6.52468,-259.264,6.52251,6.53530,6.51625,6.53874,6.52468,-264.300,6.52251,6.53530,6.51625,6.53874,6.52468,-264.300,6.52251,6.53530,6.51625,6.53874,6.52468,-264.300,6.52251,6.53530,6.51625,6.53874,6.52468
-256.515,6.52251,6.53530,6.51625,6.53874,6.52468,-256.515,6.52251,6.53530,6.51625,6.53874,6.52468,-256.515,6.52251,6.53530,6.51625,6.53874,6.52468,-261.500,6.52251,6.53530,6.51625,6.53874,6.52468,-261.500,6.52251,6.53530,6.51625,6.53874,6.52468,-261.500,6.52251,6.53530,6.51625,6.53874,6.52468
-253.767,6.52251,6.53530,6.51625,6.53874,6.52468,-253.767,6.52251,6.53530,6.51625,6.53874,6.52468,-253.767,6.52251,6.53530,6.51625,6.53874,6.52468,-258.701,6.52251,6.53530,6.51625,6.53874,6.52468,-258.701,6.52251,6.53530,6.51625,6.53874,6.52468,-258.701,6.52251,6.53530,6.51625,6.53874,6.52468
-251.019,6.52251,6.53530,6.51625,6.53874,6.52468,-251.019,6.52251,6.53530,6.51625,6.53874,6.52468,-251.019,6.52251,6.53530,6.51625,6.53874,6.52468,-255.902,6.52251,6.53530,6.51625,6.53874,6.52468,-255.902,6.52251,6.53530,6.51625,6.53874,6.52468,-255.902,6.52251,6.53530,6.51625,6.53874,6.52468
-248.271,6.52251,6.53530,6.51625,6.53874,6.52468,-248.271,6.52251,6.53530,6.51625,6.53874,6.52468,-248.271,6.52251,6.53530,6.51625,6.53874,6.52468,-253.102,6.52251,6.53530,6.51625,6.53874,6.52468,-253.102,6.52251,6.53530,6.51625,6.53874,6.52468,-253.102,6.52251,6.53530,6.51625,6.53874,6.52468
-245.523,6.52251,6.53530,6.51625,6.53874,6.52468,-245.523,6.52251,6.53530,6.51625,6.53874,6.52468,-245.523,6.52251,6.53530,6.51625,6.53874,6.52468,-250.303,6.52251,6.53530,6.51625,6.53874,6.52468,-250.303,6.52251,6.53530,6.51625,6.53874,6.52468,-250.303,6.52251,6.53530,6.51625,6.53874,6.52468
-242.775,6.52251,6.53530,6.51625,6.53874,6.52468,-242.775,6.52251,6.53530,6.51625,6.53874,6.52468,-242.775,6.52251,6.53530,6.51625,6.53874,6.52468,-247.503,6.52251,6.53530,6.51625,6.53874,6.52468,-247.503,6.52251,6.53530,6.51625,6.53874,6.52468,-247.503,6.52251,6.53530,6.51625,6.53874,6.52468
-240.027,6.52251,6.53530,6.51625,6.53874,6.52468,-240.027,6.52251,6.53530,6.51625,6.53874,6.52468,-240.027,6.52251,6.53530,6.51625,6.53874,6.52468,-244.704,6.52251,6.53530,6.51625,6.53874,6.52468,-244.704,6.52251,6.53530,6.51625,6.53874,6.52468,-244.704,6.52251,6.53530,6.51625,6.53874,6.52468
-237.279,6.52251,6.53530,6.51625,6.53874,6.52468,-237.279,6.52251,6.53530,6.51625,6.53874,6.52468,-237.279,6.52251,6.53530,6.51625,6.53874,6.52468,-241.904,6.52251,6.53530,6.51625,6.53874,6.52468,-241.904,6.52251,6.53530,6.51625,6.53874,6.52468,-241.904,6.52251,6.53530,6.51625,6.53874,6.52468
-234.531,6.52251,6.53530,6.51625,6.53874,6.52468,-234.531,6.52251,6.53530,6.51625,6.53874,6.52468,-234.531,6.52251,6.53530,6.51625,6.53874,6.52468,-239.105,6.52251,6.53530,6.51625,6.53874,6.52468,-239.105,6.52251,6.53530,6.51625,6.53874,6.52468,-239.105,6.52251,6.53530,6.51625,6.53874,6.52468
-231.783,6.52251,6.53530,6.51625,6.53874,6.52468,-231.783,6.52251,6.53530,6.51625,6.53874,6.52468,-231.783,6.52251,6.53530,6.51625,6.53874,6.52468,-236.305,6.52251,6.53530,6.51625,6.53874,6.52468,-236.305,6.52251,6.53530,6.51625,6.53874,6.52468,-236.305,6.52251,6.53530,6.51625,6.53874,6.52468
-229.035,6.52251,6.53530,6.51625,6.53874,6.52468,-229.035,6.52251,6.53530,6.51625,6.53874,6.52468,-229.035,6.52251,6.53530,6.51625,6.53874,6.52468,-233.506,6.52251,6.53530,6.51625,6.53874,6.52468,-233.506,6.52251,6.53530,6.51625,6.53874,6.52468,-233.506,6.52251,6.53530,6.51625,6.53874,6.52468
-226.287,6.52251,6.53530,6.51625,6.53874,6.52468,-226.287,6.52251,6.53530,6.51625,6.53874,6.52468,-226.287,6.52251,6.53530,6.51625,6.53874,6.52468,-230.706,6.52251,6.53530,6.51625,6.53874,6.52468,-230.706,6.52251,6.53530,6.51625,6.53874,6.52468,-230.706,6.52251,6.53530,6.51625,6.53874,6.52468
-223.539,6.52251,6.53530,6.51625,6.53874,6.52468,-223.539,6.52251,6.53530,6.51625,6.53874,6.52468,-223.539,6.52251,6.53530,6.51625,6.53874,6.52468,-227.907,6.52251,6.53530,6.51625,6.53874,6.52468,-227.907,6.52251,6.53530,6.51625,6.53874,6.52468,-227.907,6.52251,6.53530,6.51625,6.53874,6.52468
-220.790,6.52251,6.53530,6.51625,6.53874,6.52468,-220.790,6.52251,6.53530,6.51625,6.53874,6.52468,-220.790,6.52251,6.53530,6.51625,6.53874,6.52468,-225.107,6.52251,6.53530,6.51625,6.53874,6.52468,-225.107,6.52251,6.53530,6.51625,6.53874,6.52468,-225.107,6.52251,6.53530,6.51625,6.53874,6.52468
-218.042,6.52251,6.53530,6.51625,6.53874,6.52468,-218.042,6.52251,6.53530,6.51625,6.53874,6.52468,-218.042,6.52251,6.53530,6.51625,6.53874,6.52468,-222.308,6.52251,6.53530,6.51625,6.53874,6.52468,-222.308,6.52251,6.53530,6.51625,6.53874,6.52468,-222.308,6.52251,6.53530,6.51625,6.53874,6.52468
-215.294,6.52251,6.53530,6.51625,6.53874,6.52468,-215.294,6.52251,6.53530,6.51625,6.53874,6.52468,-215.294,6.52251,6.53530,6.51625,6.53874,6.52468,-219.508,6.52251,6.53530,6.51625,6.53874,6.52468,-219.508,6.52251,6.53530,6.51625,6.53874,6.52468,-219.508,6.52251,6.53530,6.51625,6.53874,6.52468
-212.546,6.52251,6.53530,6.51625,6.53874,6.52468,-212.546,6.52251,6.53530,6.51625,6.53874,6.52468,-212.546,6.52251,6.53530,6.51625,6.53874,6.52468,-216.709,6.52251,6.53530,6.51625,6.53874,6.52468,-216.709,6.52251,6.53530,6.51625,6.53874,6.52468,-216.709,6.52251,6.53530,6.51625,6.53874,6.52468
-209.798,6.52251,6.53530,6.51625,6.53874,6.52468,-209.798,6.52251,6.53530,6.51625,6.53874,6.52468,-209.798,6.52251,6.53530,6.51625,6.53874,6.52468,-213.909,6.52251,6.53530,6.51625,6.53874,6.52468,-213.909,6.52251,6.53530,6.51625,6.53874,6.52468,-213.909,6.52251,6.53530,6.51625,6.53874,6.52468
-207.050,6.52251,6.53530,6.51625,6.53874,6.52468,-207.050,6.52251,6.53530,6.51625,6.53874,6.52468,-207.050,6.52251,6.53530,6.51625,6.53874,6.52468,-211.110,6.52251,6.53530,6.51625,6.53874,6.52468,-211.110,6.52251,6.53530,6.51625,6.53874,6.52468,-211.110,6.52251,6.53530,6.51625,6.53874,6.52468
-204.302,6.52251,6.53530,6.51625,6.53874,6.52468,-204.302,6.52251,6.53530,6.51625,6.53874,6.52468,-204.302,6.52251,6.53530,6.51625,6.53874,6.52468,-208.310,6.52251,6.53530,6.51625,6.53874,6.52468,-208.310,6.52251,6.53530,6.51625,6.53874,6.52468,-208.310,6.52251,6.53530,6.51625,6.53874,6.52468
-201.554,6.52251,6.53530,6.51625,6.53874,6.52468,-201.554,6.52251,6.53530,6.51625,6.53874,6.52468,-201.554,6.52251,6.53530,6.51625,6.53874,6.52468,-205.511,6.52251,6.53530,6.51625,6.53874,6.52468,-205.511,6.52251,6.53530,6.51625,6.53874,6.52468,-205.511,6.52251,6.53530,6.51625,6.53874,6.52468
-198.806,6.52251,6.53530,6.51625,6.53874,6.52468,-198.806,6.52251,6.53530,6.51625,6.53874,6.52468,-198.806,6.52251,6.53530,6.51625,6.53874,6.52468,-202.711,6.52251,6.53530,6.51625,6.53874,6.52468,-202.711,6.52251,6.53530,6.51625,6.53874,6.52468,-202.711,6.52251,6.53530,6.51625,6.53874,6.52468
-196.058,6.52251,6.53530,6.51625,6.53874,6.52468,-196.058,6.52251,6.53530,6.51625,6.53874,6.52468,-196.058,6.52251,6.53530,6.51625,6.53874,6.52468,-199.912,6.52251,6.53530,6.51625,6.53874,6.52468,-199.912,6.52251,6.53530,6.51625,6.53874,6.52468,-199.912,6.52251,6.53530,6.51625,6.53874,6.52468
-193.310,6.52251,6.53530,6.51625,6.53874,6.52468,-193.310,6.52251,6.53530,6.51625,6.53874,6.52468,-193.310,6.52251,6.53530,6.51625,6.53874,6.52468,-197.112,6.52251,6.53530,6.51625,6.53874,6.52468,-197.112,6.52251,6.53530,6.51625,6.53874,6.52468,-197.112,6.52251,6.53530,6.51625,6.53874,6.52468
-190.562,6.52251,6.53530,6.51625,6.53874,6.52468,-190.562,6.52251,6.53530,6.51625,6.53874,6.52468,-190.562,6.52251,6.53530,6.51625,6.53874,6.52468,-194.313,6.52251,6.53530,6.51625,6.53874,6.52468,-194.313,6.52251,6.53530,6.51625,6.53874,6.52468,-194.313,6.52251,6.53530,6.51625,6.53874,6.52468
-187.813,6.52251,6.53530,6.51625,6.53874,6.52468,-187.813,6.52251,6.53530,6.51625,6.53874,6.52468,-187.813,6.52251,6.53530,6.51625,6.53874,6.52468,-191.514,6.52251,6.53530,6.51625,6.53874,6.52468,-191.514,6.52251,6.53530,6.51625,6.53874,6.52468,-191.514,6.52251,6.53530,6.51625,6.53874,6.52468
-185.065,6.52251,6.53530,6.51625,6.53874,6.52468,-185.065,6.52251,6.53530,6.51625,6.53874,6.52468,-185.065,6.52251,6.53530,6.51625,6.53874,6.52468,-188.714,6.52251,6.53530,6.51625,6.53874,6.52468,-188.714,6.52251,6.53530,6.51625,6.53874,6.52468,-188.714,6.52251,6.53530,6.51625,6.53874,6.52468
-182.317,6.52251,6.53530,6.51625,6.53874,6.52468,-182.317,6.52251,6.53530,6.51625,6.53874,6.52468,-182.317,6.52251,6.53530,6.51625,6.53874,6.52468,-185.915,6.52251,6.53530,6.51625,6.53874,6.52468,-185.915,6.52251,6.53530,6.51625,6.53874,6.52468,-185.915,6.52251,6.53530,6.51625,6.53874,6.52468
-179.569,6.52251,6.53530,6.51625,6.53874,6.52468,-179.569,6.52251,6.53530,6.51625,6.53874,6.52468,-179.569,6.52251,6.53530,6.51625,6.53874,6.52468,-183.115,6.52251,6.53530,6.51625,6.53874,6.52468,-183.115,6.52251,6.53530,6.51625,6.53874,6.52468,-183.115,6.52251,6.53530,6.51625,6.53874,6.52468
-176.821,6.52251,6.53530,6.51625,6.53874,6.52468,-176.821,6.52251,6.53530,6.51625,6.53874,6.52468,-176.821,6.52251,6.53530,6.51625,6.53874,6.52468,-180.316,6.52251,6.53530,6.51625,6.53874,6.52468,-180.316,6.52251,6.53530,6.51625,6.53874,6.52468,-180.316,6.52251,6.53530,6.51625,6.53874,6.52468
-174.073,6.52251,6.53530,6.51625,6.53874,6.52468,-174.073,6.52251,6.53530,6.51625,6.53874,6.52468,-174.073,6.52251,6.53530,6.51625,6.53874,6.52468,-177.516,6.52251,6.53530,6.51625,6.53874,6.52468,-177.516,6.52251,6.53530,6.51625,6.53874,6.52468,-177.516,6.52251,6.53530,6.51625,6.53874,6.52468
-171.325,6.52251,6.53530,6.51625,6.53874,6.52468,-171.325,6.52251,6.53530,6.51625,6.53874,6.52468,-171.325,6.52251,6.53530,6.51625,6.53874,6.52468,-174.717,6.52251,6.53530,6.51625,6.53874,6.52468,-174.717,6.52251,6.53530,6.51625,6.53874,6.52468,-174.717,6.52251,6.53530,6.51625,6.53874,6.52468
-168.577,6.52251,6.53530,6.51625,6.53874,6.52468,-168.577,6.52251,6.53530,6.51625,6.53874,6.52468,-168.577,6.52251,6.53530,6.51625,6.53874,6.52468,-171.917,6.52251,6.53530,6.51625,6.53874,6.52468,-171.917,6.52251,6.53530,6.51625,6.53874,6.52468,-171.917,6.52251,6.53530,6.51625,6.53874,6.52468
-165.829,6.52251,6.53530,6.51625,6.53874,6.52468,-165.829,6.52251,6.53530,6.51625,6.53874,6.52468,-165.829,6.52251,6.53530,6.51625,6.53874,6.52468,-169.118,6.52251,6.53530,6.51625,6.53874,6.52468,-169.118,6.52251,6.53530,6.51625,6.53874,6.52468,-169.118,6.52251,6.53530,6.51625,6.53874,6.52468
-163.081,6.52251,6.53530,6.51625,6.53874,6.52468,-163.081,6.52251,6.53530,6.51625,6.53874,6.52468,-163.081,6.52251,6.53530,6.51625,6.53874,6.52468,-166.318,6.52251,6.53530,6.51625,6.53874,6.52468,-166.318,6.52251,6.53530,6.51625,6.53874,6.52468,-166.318,6.52251,6.53530,6.51625,6.53874,6.52468
-160.333,6.52251,6.53530,6.51625,6.53874,6.52468,-160.333,6.52251,6.53530,6.51625,6.53874,6.52468,-160.333,6.52251,6.53530,6.51625,6.53874,6.52468,-163.519,6.52251,6.53530,6.51625,6.53874,6.52468,-163.519,6.52251,6.53530,6.51625,6.53874,6.52468,-163.519,6.52251,6.53530,6.51625,6.53874,6.52468
-157.585,6.52251,6.53530,6.51625,6.53874,6.52468,-157.585,6.52251,6.53530,6.51625,6.53874,6.52468,-157.585,6.52251,6.53530,6.51625,6.53874,6.52468,-160.719,6.52251,6.53530,6.51625,6.53874,6.52468,-160.719,6.52251,6.53530,6.51625,6.53874,6.52468,-160.719,6.52251,6.53530,6.51625,6.53874,6.52468
-154.837,6.52251,6.53530,6.51625,6.53874,6.52468,-154.837,6.52251,6.53530,6.51625,6.53874,6.52468,-154.837,6.52251,6.53530,6.51625,6.53874,6.52468,-157.920,6.52251,6.53530,6.51625,6.53874,6.52468,-157.920,6.52251,6.53530,6.51625,6.53874,6.52468,-157.920,6.52251,6.53530,6.51625,6.53874,6.52468
-152.088,6.52251,6.53530,6.51625,6.53874,6.52468,-152.088,6.52251,6.53530,6.51625,6.53874,6.52468,-152.088,6.52251,6.53530,6.51625,6.53874,6.52468,-155.120,6.52251,6.53530,6.51625,6.53874,6.52468,-155.120,6.52251,6.53530,6.51625,6.53874,6.52468,-155.120,6.52251,6.53530,6.51625,6.53874,6.52468
-149.340,6.52251,6.53530,6.51625,6.53874,6.52468,-149.340,6.52251,6.53530,6.51625,6.53874,6.52468,-149.340,6.52251,6.53530,6.51625,6.53874,6.52468,-152.321,6.52251,6.53530,6.51625,6.53874,6.52468,-152.321,6.52251,6.53530,6.51625,6.53874,6.52468,-152.321,6.52251,6.53530,6.51625,6.53874,6.52468
-146.592,6.52251,6.53530,6.51625,6.53874,6.52468,-146.592,6.52251,6.53530,6.51625,6.53874,6.52468,-146.592,6.52251,6.53530,6.51625,6.53874,6.52468,-149.521,6.52251,6.53530,6.51625,6.53874,6.52468,-149.521,6.52251,6.53530,6.51625,6.53874,6.52468,-149.521,6.52251,6.53530,6.51625,6.53874,6.52468
-143.844,6.52251,6.53530,6.51625,6.53874,6.52468,-143.844,6.52251,6.53530,6.51625,6.53874,6.52468,-143.844,6.52251,6.53530,6.51625,6.53874,6.52468,-146.722,6.52251,6.53530,6.51625,6.53874,6.52468,-146.722,6.52251,6.53530,6.51625,6.53874,6.52468,-146.722,6.52251,6.53530,6.51625,6.53874,6.52468
-141.096,6.52251,6.53530,6.51625,6.53874,6.52468,-141.096,6.52251,6.53530,6.51625,6.53874,6.52468,-141.096,6.52251,6.53530,6.51625,6.53874,6.52468,-143.922,6.52251,6.53530,6.51625,6.53874,6.52468,-143.922,6.52251,6.53530,6.51625,6.53874,6.52468,-143.922,6.52251,6.53530,6.51625,6.53874,6.52468
-138.348,6.52251,6.53530,6.51625,6.53874,6.52468,-138.348,6.52251,6.53530,6.51625,6.53874,6.52468,-138.348,6.52251,6.53530,6.51625,6.53874,6.52468,-141.123,6.52251,6.53530,6.51625,6.53874,6.52468,-141.123,6.52251,6.53530,6.51625,6.53874,6.52468,-141.123,6.52251,6.53530,6.51625,6.53874,6.52468
-135.600,6.52251,6.53530,6.51625,6.53874,6.52468,-135.600,6.52251,6.53530,6.51625,6.53874,6.52468,-135.600,6.52251,6.53530,6.51625,6.53874,6.52468,-138.323,6.52251,6.53530,6.51625,6.53874,6.52468,-138.323,6.52251,6.53530,6.51625,6.53874,6.52468,-138.323,6.52251,6.53530,6.51625,6.53874,6.52468
-132.852,6.52251,6.53530,6.51625,6.53874,6.52468,-132.852,6.52251,6.53530,6.51625,6.53874,6.52468,-132.852,6.52251,6.53530,6.51625,6.53874,6.52468,-135.524,6.52251,6.53530,6.51625,6.53874,6.52468,-135.524,6.52251,6.53530,6.51625,6.53874,6.52468,-135.524,6.52251,6.53530,6.51625,6.53874,6.52468
-130.104,6.52251,6.53530,6.51625,6.53874,6.52468,-130.104,6.52251,6.53530,6.51625,6.53874,6.52468,-130.104,6.52251,6.53530,6.51625,6.53874,6.52468,-132.724,6.52251,6.53530,6.51625,6.53874,6.52468,-132.724,6.52251,6.53530,6.51625,6.53874,6.52468,-132.724,6.52251,6.53530,6.51625,6.53874,6.52468
-127.356,6.52251,6.53530,6.51625,6.53874,6.52468,-127.356,6.52251,6.53530,6.51625,6.53874,6.52468,-127.356,6.52251,6.53530,6.51625,6.53874,6.52468,-129.925,6.52251,6.53530,6.51625,6.53874,6.52468,-129.925,6.52251,6.53530,6.51625,6.53874,6.52468,-129.925,6.52251,6.53530,6.51625,6.53874,6.52468
-124.608,6.52251,6.53530,6.51625,6.53874,6.52468,-124.608,6.52251,6.53530,6.51625,6.53874,6.52468,-124.608,6.52251,6.53530,6.51625,6.53874,6.52468,-127.125,6.52251,6.53530,6.51625,6.53874,6.52468,-127.125,6.52251,6.53530,6.51625,6.53874,6.52468,-127.125,6.52251,6.53530,6.51625,6.53874,6.52468
-121.860,6.52251,6.53530,6.51625,6.53874,6.52468,-121.860,6.52251,6.53530,6.51625,6.53874,6.52468,-121.860,6.52251,6.53530,6.51625,6.53874,6.52468,-124.326,6.52251,6.53530,6.51625,6.53874,6.52468,-124.326,6.52251,6.53530,6.51625,6.53874,6.52468,-124.326,6.52251,6.53530,6.51625,6.53874,6.52468
-119.112,6.52251,6.53530,6.51625,6.53874,6.52468,-119.112,6.52251,6.53530,6.51625,6.53874,6.52468,-119.112,6.52251,6.53530,6.51625,6.53874,6.52468,-121.527,6.52251,6.53530,6.51625,6.53874,6.52468,-121.527,6.52251,6.53530,6.51625,6.53874,6.52468,-121.527,6.52251,6.53530,6.51625,6.53874,6.52468
-116.363,6.52251,6.53530,6.51625,6.53874,6.52468,-116.363,6.52251,6.53530,6.51625,6.53874,6.52468,-116.363,6.52251,6.53530,6.51625,6.53874,6.52468,-118.727,6.52251,6.53530,6.51625,6.53874,6.52468,-118.727,6.52251,6.53530,6.51625,6.53874,6.52468,-118.727,6.52251,6.53530,6.51625,6.53874,6.52468
-113.615,6.52251,6.53530,6.51625,6.53874,6.52468,-113.615,6.52251,6.53530,6.51625,6.53874,6.52468,-113.615,6.52251,6.53530,6.51625,6.53874,6.52468,-115.928,6.52251,6.53530,6.51625,6.53874,6.52468,-115.928,6.52251,6.53530,6.51625,6.53874,6.52468,-115.928,6.52251,6.53530,6.51625,6.53874,6.52468
-110.867,6.52251,6.53530,6.51625,6.53874,6.52468,-110.867,6.52251,6.53530,6.51625,6.53874,6.52468,-110.867,6.52251,6.53530,6.51625,6.53874,6.52468,-113.128,6.52251,6.53530,6.51625,6.53874,6.52468,-113.128,6.52251,6.53530,6.51625,6.53874,6.52468,-113.128,6.52251,6.53530,6.51625,6.53874,6.52468
-108.119,6.52251,6.53530,6.51625,6.53874,6.52468,-108.119,6.52251,6.53530,6.51625,6.53874,6.52468,-108.119,6.52251,6.53530,6.51625,6.53874,6.52468,-110.329,6.52251,6.53530,6.51625,6.53874,6.52468,-110.329,6.52251,6.53530,6.51625,6.53874,6.52468,-110.329,6.52251,6.53530,6.51625,6.53874,6.52468
-105.371,6.52251,6.53530,6.51625,6.53874,6.52468,-105.371,6.52251,6.53530,6.51625,6.53874,6.52468,-105.371,6.52251,6.53530,6.51625,6.53874,6.52468,-107.529,6.52251,6.53530,6.51625,6.53874,6.52468,-107.529,6.52251,6.53530,6.51625,6.53874,6.52468,-107.529,6.52251,6.53530,6.51625,6.53874,6.52468
-102.623,6.52251,6.53530,6.51625,6.53874,6.52468,-102.623,6.52251,6.53530,6.51625,6.53874,6.52468,-102.623,6.52251,6.53530,6.51625,6.53874,6.52468,-104.730,6.52251,6.53530,6.51625,6.53874,6.52468,-104.730,6.52251,6.53530,6.51625,6.53874,6.52468,-104.730,6.52251,6.53530,6.51625,6.53874,6.52468
-99.8750,6.52251,6.53530,6.51625,6.53874,6.52468,-99.8750,6.52251,6.53530,6.51625,6.53874,6.52468,-99.8750,6.52251,6.53530,6.51625,6.53874,6.52468,-101.930,6.52251,6.53530,6.51625,6.53874,6.52468,-101.930,6.52251,6.53530,6.51625,6.53874,6.52468,-101.930,6.52251,6.53530,6.51625,6.53874,6.52468
-97.1269,6.52251,6.53530,6.51625,6.53874,6.52468,-97.1269,6.52251,6.53530,6.51625,6.53874,6.52468,-97.1269,6.52251,6.53530,6.51625,6.53874,6.52468,-99.1307,6.52251,6.53530,6.51625,6.53874,6.52468,-99.1307,6.52251,6.53530,6.51625,6.53874,6.52468,-99.1307,6.52251,6.53530,6.51625,6.53874,6.52468
-94.3789,6.52251,6.53530,6.51625,6.53874,6.52468,-94.3789,6.52251,6.53530,6.51625,6.53874,6.52468,-94.3789,6.52251,6.53530,6.51625,6.53874,6.52468,-96.3312,6.52251,6.53530,6.51625,6.53874,6.52468,-96.3312,6.52251,6.53530,6.51625,6.53874,6.52468,-96.3312,6.52251,6.53530,6.51625,6.53874,6.52468
-91.6308,6.52251,6.53530,6.51625,6.53874,6.52468,-91.6308,6.52251,6.53530,6.51625,6.53874,6.52468,-91.6308,6.52251,6.53530,6.51625,6.53874,6.52468,-93.5317,6.52251,6.53530,6.51625,6.53874,6.52468,-93.5317,6.52251,6.53530,6.51625,6.53874,6.52468,-93.5317,6.52251,6.53530,6.51625,6.53874,6.52468
-88.8827,6.52251,6.53530,6.51625,6.53874,6.52468,-88.8827,6.52251,6.53530,6.51625,6.53874,6.52468,-88.8827,6.52251,6.53530,6.51625,6.53874,6.52468,-90.7323,6.52251,6.53530,6.51625,6.53874,6.52468,-90.7323,6.52251,6.53530,6.51625,6.53874,6.52468,-90.7323,6.52251,6.53530,6.51625,6.53874,6.52468
-86.1346,6.52251,6.53530,6.51625,6.53874,6.52468,-86.1346,6.52251,6.53530,6.51625,6.53874,6.52468,-86.1346,6.52251,6.53530,6.51625,6.53874,6.52468,-87.9328,6.52251,6.53530,6.51625,6.53874,6.52468,-87.9328,6.52251,6.53530,6.51625,6.53874,6.52468,-87.9328,6.52251,6.53530,6.51625,6.53874,6.52468
-83.3865,6.52251,6.53530,6.51625,6.53874,6.52468,-83.3865,6.52251,6.53530,6.51625,6.53874,6.52468,-83.3865,6.52251,6.53530,6.51625,6.53874,6.52468,-85.1333,6.52251,6.53530,6.51625,6.53874,6.52468,-85.1333,6.52251,6.53530,6.51625,6.53874,6.52468,-85.1333,6.52251,6.53530,6.51625,6.53874,6.52468
-80.6385,6.52251,6.53530,6.51625,6.53874,6.52468,-80.6385,6.52251,6.53530,6.51625,6.53874,6.52468,-80.6385,6.52251,6.53530,6.51625,6.53874,6.52468,-82.3338,6.52251,6.53530,6.51625,6.53874,6.52468,-82.3338,6.52251,6.53530,6.51625,6.53874,6.52468,-82.3338,6.52251,6.53530,6.51625,6.53874,6.52468
-77.8904,6.52251,6.53530,6.51625,6.53874,6.52468,-77.8904,6.52251,6.53530,6.51625,6.53874,6.52468,-77.8904,6.52251,6.53530,6.51625,6.53874,6.52468,-79.5343,6.52251,6.53530,6.51625,6.53874,6.52468,-79.5343,6.52251,6.53530,6.51625,6.53874,6.52468,-79.5343,6.52251,6.53530,6.51625,6.53874,6.52468
-75.1423,6.52251,6.53530,6.51625,6.53874,6.52468,-75.1423,6.52251,6.53530,6.51625,6.53874,6.52468,-75.1423,6.52251,6.53530,6.51625,6.53874,6.52468,-76.7349,6.52251,6.53530,6.51624,6.53874,6.52468,-76.7349,6.52251,6.53530,6.51624,6.53874,6.52468,-76.7349,6.52251,6.53530,6.51624,6.53874,6.52468
-72.3942,6.52251,6.53530,6.51625,6.53874,6.52468,-72.3942,6.52251,6.53530,6.51625,6.53874,6.52468,-72.3942,6.52251,6.53530,6.51625,6.53874,6.52468,-73.9354,6.52251,6.53529,6.51624,6.53874,6.52468,-73.9354,6.52251,6.53529,6.51624,6.53874,6.52468,-73.9354,6.52251,6.53529,6.51624,6.53874,6.52468
-69.6462,6.52251,6.53530,6.51625,6.53874,6.52468,-69.6462,6.52251,6.53530,6.51625,6.53874,6.52468,-69.6462,6.52251,6.53530,6.51625,6.53874,6.52468,-71.1359,6.52249,6.53528,6.51620,6.53873,6.52467,-71.1359,6.52249,6.53528,6.51620,6.53873,6.52467,-71.1359,6.52249,6.53528,6.51620,6.53873,6.52467
-66.8981,6.52251,6.53530,6.51625,6.53874,6.52468,-66.8981,6.52251,6.53530,6.51625,6.53874,6.52468,-66.8981,6.52251,6.53530,6.51625,6.53874,6.52468,-68.3364,6.52244,6.53514,6.51606,6.53868,6.52461,-68.3364,6.52244,6.53514,6.51606,6.53868,6.52461,-68.3364,6.52244,6.53514,6.51606,6.53868,6.52461
-64.1500,6.52251,6.53530,6.51625,6.53874,6.52468,-64.1500,6.52251,6.53530,6.51625,6.53874,6.52468,-64.1500,6.52251,6.53530,6.51625,6.53874,6.52468,-65.5369,6.52221,6.53468,6.51557,6.53848,6.52437,-65.5369,6.52221,6.53468,6.51557,6.53848,6.52437,-65.5369,6.52221,6.53468,6.51557,6.53848,6.52437
-61.4019,6.52251,6.53530,6.51624,6.53874,6.52468,-61.4019,6.52251,6.53530,6.51624,6.53874,6.52468,-61.4019,6.52251,6.53530,6.51624,6.53874,6.52468,-62.7375,6.52113,6.53337,6.51400,6.53771,6.52350,-62.7375,6.52113,6.53337,6.51400,6.53771,6.52350,-62.7375,6.52113,6.53337,6.51400,6.53771,6.52350
-58.6538,6.52251,6.53529,6.51623,6.53874,6.52467,-58.6538,6.52251,6.53529,6.51623,6.53874,6.52467,-58.6538,6.52251,6.53529,6.51623,6.53874,6.52467,-59.9380,6.51757,6.52942,6.50943,6.53514,6.52066,-59.9380,6.51757,6.52942,6.50943,6.53514,6.52066,-59.9380,6.51757,6.52942,6.50943,6.53514,6.52066
-55.9058,6.52249,6.53523,6.51608,6.53870,6.52458,-55.9058,6.52249,6.53523,6.51608,6.53870,6.52458,-55.9058,6.52249,6.53523,6.51608,6.53870,6.52458,-57.1385,6.50705,6.52118,6.49737,6.52736,6.51238,-57.1385,6.50705,6.52118,6.49737,6.52736,6.51238,-57.1385,6.50705,6.52118,6.49737,6.52736,6.51238
-53.1577,6.52207,6.53436,6.51516,6.53836,6.52389,-53.1577,6.52207,6.53436,6.51516,6.53836,6.52389,-53.1577,6.52207,6.53436,6.51516,6.53836,6.52389,-54.3390,6.47855,6.50070,6.46758,6.51175,6.49073,-54.3390,6.47855,6.50070,6.46758,6.51175,6.49073,-54.3390,6.47855,6.50070,6.46758,6.51175,6.49073
-50.4096,6.51856,6.52900,6.51022,6.53589,6.51967,-50.4096,6.51856,6.52900,6.51022,6.53589,6.51967,-50.4096,6.51856,6.52900,6.51022,6.53589,6.51967,-51.5395,6.41526,6.45289,6.40211,6.48018,6.43998,-51.5395,6.41526,6.45289,6.40211,6.48018,6.43998,-51.5395,6.41526,6.45289,6.40211,6.48018,6.43998
-47.6615,6.49759,6.51173,6.48343,6.52057,6.49950,-47.6615,6.49759,6.51173,6.48343,6.52057,6.49950,-47.6615,6.49759,6.51173,6.48343,6.52057,6.49950,-48.7401,6.29112,6.34966,6.27494,6.40138,6.33338,-48.7401,6.29112,6.34966,6.27494,6.40138,6.33338,-48.7401,6.29112,6.34966,6.27494,6.40138,6.33338
-44.9135,6.41444,6.45360,6.39192,6.46618,6.42380,-44.9135,6.41444,6.45360,6.39192,6.46618,6.42380,-44.9135,6.41444,6.45360,6.39192,6.46618,6.42380,-45.9406,6.07034,6.14896,6.04814,6.23037,6.13271,-45.9406,6.07034,6.14896,6.04814,6.23037,6.13271,-45.9406,6.07034,6.14896,6.04814,6.23037,6.13271
-42.1654,6.18248,6.25208,6.14419,6.27978,6.20045,-42.1654,6.18248,6.25208,6.14419,6.27978,6.20045,-42.1654,6.18248,6.25208,6.14419,6.27978,6.20045,-43.1411,5.71496,5.80901,5.68739,5.90765,5.79416,-43.1411,5.71496,5.80901,5.68739,5.90765,5.79416,-43.1411,5.71496,5.80901,5.68739,5.90765,5.79416
-39.4173,5.66273,5.75011,5.59806,5.78203,5.68289,-39.4173,5.66273,5.75011,5.59806,5.78203,5.68289,-39.4173,5.66273,5.75011,5.59806,5.78203,5.68289,-40.3416,5.20099,5.29469,5.15797,5.37801,5.28229,-40.3416,5.20099,5.29469,5.15797,5.37801,5.28229,-40.3416,5.20099,5.29469,5.15797,5.37801,5.28229
-36.6692,4.69994,4.79392,4.62078,4.85441,4.74009,-36.6692,4.69994,4.79392,4.62078,4.85441,4.74009,-36.6692,4.69994,4.79392,4.62078,4.85441,4.74009,-37.5421,4.50527,4.59588,4.46406,4.67627,4.58868,-37.5421,4.50527,4.59588,4.46406,4.67627,4.58868,-37.5421,4.50527,4.59588,4.46406,4.67627,4.58868
-33.9211,3.26058,3.45366,3.15949,3.58527,3.39079,-33.9211,3.26058,3.45366,3.15949,3.58527,3.39079,-33.9211,3.26058,3.45366,3.15949,3.58527,3.39079,-34.7427,3.65394,3.76397,3.61726,3.81435,3.74634,-34.7427,3.65394,3.76397,3.61726,3.81435,3.74634,-34.7427,3.65394,3.76397,3.61726,3.81435,3.74634
-31.1731,1.66980,1.97793,1.50318,2.12097,1.87292,-31.1731,1.66980,1.97793,1.50318,2.12097,1.87292,-31.1731,1.66980,1.97793,1.50318,2.12097,1.87292,-31.9432,2.73275,2.87004,2.64944,2.91824,2.82955,-31.9432,2.73275,2.87004,2.64944,2.91824,2.82955,-31.9432,2.73275,2.87004,2.64944,2.91824,2.82955
-28.4250,0.317031,0.645959,0.177323,0.788555,0.530996,-28.4250,0.317031,0.645959,0.177323,0.788555,0.530996,-28.4250,0.317031,0.645959,0.177323,0.788555,0.530996,-29.1437,1.83441,2.00118,1.72689,2.05761,1.93528,-29.1437,1.83441,2.00118,1.72689,2.05761,1.93528,-29.1437,1.83441,2.00118,1.72689,2.05761,1.93528
-25.6769,-0.537785,-0.316315,-0.607480,-0.200998,-0.401275,-25.6769,-0.537785,-0.316315,-0.607480,-0.200998,-0.401275,-25.6769,-0.537785,-0.316315,-0.607480,-0.200998,-0.401275,-26.3442,1.07137,1.21275,0.957823,1.28607,1.15352,-26.3442,1.07137,1.21275,0.957823,1.28607,1.15352,-26.3442,1.07137,1.21275,0.957823,1.28607,1.15352
-22.9288,-0.948054,-0.856390,-0.979425,-0.808686,-0.910383,-22.9288,-0.948054,-0.856390,-0.979425,-0.808686,-0.910383,-22.9288,-0.948054,-0.856390,-0.979425,-0.808686,-0.910383,-23.5447,0.482121,0.591624,0.392035,0.646141,0.541029,-23.5447,0.482121,0.591624,0.392035,0.646141,0.541029,-23.5447,0.482121,0.591624,0.392035,0.646141,0.541029
-20.1808,-1.13025,-1.07346,-1.17017,-1.04575,-1.12879,-20.1808,-1.13025,-1.07346,-1.17017,-1.04575,-1.12879,-20.1808,-1.13025,-1.07346,-1.17017,-1.04575,-1.12879,-20.7453,0.0675072,0.145159,0.0316553,0.181826,0.110963,-20.7453,0.0675072,0.145159,0.0316553,0.181826,0.110963,-20.7453,0.0675072,0.145159,0.0316553,0.181826,0.110963
-17.4327,-1.22075,-1.11990,-1.25506,-1.07459,-1.20243,-17.4327,-1.22075,-1.11990,-1.25506,-1.07459,-1.20243,-17.4327,-1.22075,-1.11990,-1.25506,-1.07459,-1.20243,-17.9458,-0.200375,-0.120273,-0.234460,-0.100476,-0.159671,-17.9458,-0.200375,-0.120273,-0.234460,-0.100476,-0.159671,-17.9458,-0.200375,-0.120273,-0.234460,-0.100476,-0.159671
-14.6846,-1.24600,-1.12818,-1.28612,-1.07980,-1.22194,-14.6846,-1.24600,-1.12818,-1.28612,-1.07980,-1.22194,-14.6846,-1.24600,-1.12818,-1.28612,-1.07980,-1.22194,-15.1463,-0.363353,-0.260968,-0.407467,-0.214922,-0.312300,-15.1463,-0.363353,-0.260968,-0.407467,-0.214922,-0.312300,-15.1463,-0.363353,-0.260968,-0.407467,-0.214922,-0.312300
-11.9365,-1.25433,-1.12952,-1.29280,-1.08049,-1.22599,-11.9365,-1.25433,-1.12952,-1.29280,-1.08049,-1.22599,-11.9365,-1.25433,-1.12952,-1.29280,-1.08049,-1.22599,-12.3468,-0.450530,-0.333299,-0.522663,-0.262722,-0.389443,-12.3468,-0.450530,-0.333299,-0.522663,-0.262722,-0.389443,-12.3468,-0.450530,-0.333299,-0.522663,-0.262722,-0.389443
-9.18845,-1.25602,-1.12968,-1.29414,-1.08056,-1.22666,-9.18845,-1.25602,-1.12968,-1.29414,-1.08056,-1.22666,-9.18845,-1.25602,-1.12968,-1.29414,-1.08056,-1.22666,-9.54735,-0.498986,-0.365539,-0.583151,-0.280722,-0.424385,-9.54735,-0.498986,-0.365539,-0.583151,-0.280722,-0.424385,-9.54735,-0.498986,-0.365539,-0.583151,-0.280722,-0.424385
-6.44037,-1.25585,-1.12808,-1.29434,-1.08053,-1.22621,-6.44037,-1.25585,-1.12808,-1.29434,-1.08053,-1.22621,-6.44037,-1.25585,-1.12808,-1.29434,-1.08053,-1.22621,-6.74787,-0.518559,-0.377657,-0.611721,-0.273298,-0.438365,-6.74787,-0.518559,-0.377657,-0.611721,-0.273298,-0.438365,-6.74787,-0.518559,-0.377657,-0.611721,-0.273298,-0.438365
-3.69230,-1.24795,-1.07713,-1.28001,-0.985435,-1.16224,-3.69230,-1.24795,-1.07713,-1.28001,-0.985435,-1.16224,-3.69230,-1.24795,-1.07713,-1.28001,-0.985435,-1.16224,-3.94839,-0.514654,-0.366780,-0.621602,-0.198490,-0.409253,-3.94839,-0.514654,-0.366780,-0.621602,-0.198490,-0.409253,-3.94839,-0.514654,-0.366780,-0.621602,-0.198490,-0.409253
-0.944219,-0.546682,-0.218358,-0.659905,-0.0698456,-0.241301,-0.944219,-0.546682,-0.218358,-0.659905,-0.0698456,-0.241301,-0.944219,-0.546682,-0.218358,-0.659905,-0.0698456,-0.241301,-1.14891,-0.0987460,0.210986,-0.180249,0.376659,0.210014,-1.14891,-0.0987460,0.210986,-0.180249,0.376659,0.210014,-1.14891,-0.0987460,0.210986,-0.180249,0.376659,0.210014
1.80386,1.59116,1.89725,1.32391,1.94951,1.55315,1.80386,1.59116,1.89725,1.32391,1.94951,1.55315,1.80386,1.59116,1.89725,1.32391,1.94951,1.55315,1.65057,1.65351,1.89227,1.45934,1.94297,1.62168,1.65057,1.65351,1.89227,1.45934,1.94297,1.62168,1.65057,1.65351,1.89227,1.45934,1.94297,1.62168
4.55194,2.05576,2.06993,1.96513,2.06999,2.05188,4.55194,2.05576,2.06993,1.96513,2.06999,2.05188,4.55194,2.05576,2.06993,1.96513,2.06999,2.05188,4.45005,2.05704,2.06999,1.98428,2.07007,2.05378,4.45005,2.05704,2.06999,1.98428,2.07007,2.05378,4.45005,2.05704,2.06999,1.98428,2.07007,2.05378
7.30001,2.06996,2.07000,2.06339,2.07000,2.06993,7.30001,2.06996,2.07000,2.06339,2.07000,2.06993,7.30001,2.06996,2.07000,2.06339,2.07000,2.06993,7.24953,2.06996,2.07002,2.06483,2.07006,2.06994,7.24953,2.06996,2.07002,2.06483,2.07006,2.06994,7.24953,2.06996,2.07002,2.06483,2.07006,2.06994
10.0481,2.07000,2.07000,2.06978,2.07000,2.07000,10.0481,2.07000,2.07000,2.06978,2.07000,2.07000,10.0481,2.07000,2.07000,2.06978,2.07000,2.07000,10.0490,2.07000,2.07000,2.06984,2.07002,2.07000,10.0490,2.07000,2.07000,2.06984,2.07002,2.07000,10.0490,2.07000,2.07000,2.06984,2.07002,2.07000