"M0 z","M0 rho 68 percent lower","M0 rho 68 percent upper","M0 rho 95 percent lower","M0 rho 95 percent upper","M0 rho best","M1 z","M1 rho 68 percent lower","M1 rho 68 percent upper","M1 rho 95 percent lower","M1 rho 95 percent upper","M1 rho best","M2 z","M2 rho 68 percent lower","M2 rho 68 percent upper","M2 rho 95 percent lower","M2 rho 95 percent upper","M2 rho best"
-30.3278,5.87039,5.88742,5.87523,5.88332,5.88158,-62.0099,5.87103,5.88797,5.87594,5.88388,5.88213,-50.4481,5.87134,5.88844,5.87622,5.88428,5.88247
-27.2207,5.86906,5.88624,5.87386,5.88189,5.88026,-58.5527,5.87103,5.88796,5.87594,5.88388,5.88213,-47.0184,5.87134,5.88844,5.87622,5.88428,5.88247
-24.1137,5.86467,5.88277,5.86961,5.87775,5.87614,-55.0954,5.87103,5.88760,5.87577,5.88375,5.88213,-43.5888,5.87134,5.88844,5.87607,5.88428,5.88247
-21.0067,5.85158,5.87587,5.85960,5.87023,5.86719,-51.6381,5.87054,5.88687,5.87523,5.88313,5.88162,-40.1591,5.87134,5.88844,5.87539,5.88428,5.88247
-17.8996,5.82335,5.86322,5.83953,5.85747,5.84957,-48.1808,5.86956,5.88583,5.87425,5.88199,5.88059,-36.7295,5.87132,5.88840,5.87479,5.88428,5.88247
-14.7926,5.77306,5.84318,5.80359,5.83566,5.81820,-44.7235,5.86792,5.88408,5.87249,5.88026,5.87888,-33.2998,5.86905,5.88827,5.87440,5.88414,5.88247
-11.6856,5.69141,5.81211,5.74188,5.80249,5.76766,-41.2662,5.86531,5.88128,5.86951,5.87770,5.87615,-29.8702,5.86817,5.88810,5.87295,5.88335,5.88230
-8.57852,5.57624,5.76621,5.65286,5.75448,5.69405,-37.8089,5.86129,5.87694,5.86551,5.87415,5.87194,-26.4405,5.86456,5.88714,5.87024,5.88193,5.88121
-5.47149,5.43923,5.70295,5.53920,5.68923,5.59708,-34.3517,5.85530,5.87154,5.85926,5.86864,5.86569,-23.0109,5.85859,5.88497,5.86624,5.87910,5.87865
-2.36445,5.29752,5.62210,5.40897,5.60309,5.48167,-30.8944,5.84652,5.86454,5.85016,5.86123,5.85673,-19.5812,5.84999,5.88056,5.86039,5.87443,5.87330
0.742582,5.17032,5.52660,5.27392,5.50049,5.35771,-27.4371,5.83109,5.85480,5.83629,5.85199,5.84435,-16.1516,5.83853,5.87245,5.84945,5.86710,5.86325
3.84962,5.07279,5.41815,5.15746,5.38662,5.23799,-23.9798,5.81046,5.84318,5.81921,5.83981,5.82784,-12.7219,5.81862,5.86257,5.83374,5.85570,5.84636
6.95665,5.01128,5.30580,5.06751,5.27197,5.13495,-20.5225,5.78340,5.82792,5.79831,5.82349,5.80662,-9.29230,5.77756,5.84629,5.81564,5.83882,5.82094
10.0637,4.98136,5.19598,5.01267,5.16313,5.05781,-17.0652,5.74933,5.80968,5.77123,5.80409,5.78030,-5.86265,5.72820,5.82340,5.78664,5.81513,5.78668
13.1707,4.96003,5.10745,4.98079,5.07099,5.01140,-13.6079,5.70972,5.78781,5.73842,5.78167,5.74883,-2.43300,5.67937,5.79557,5.75179,5.78901,5.74531
16.2778,4.95534,5.04877,4.96587,5.02316,4.99684,-10.1507,5.66399,5.76237,5.70080,5.75474,5.71254,0.996645,5.63869,5.76528,5.71601,5.75688,5.70058
19.3848,4.94057,5.08342,4.97011,5.03975,5.01319,-6.69336,5.61521,5.73257,5.66008,5.72556,5.67217,4.42629,5.61018,5.73207,5.67487,5.72286,5.65728
22.4918,4.95032,5.15684,4.98330,5.09905,5.05888,-3.23608,5.56564,5.69841,5.61732,5.69039,5.62889,7.85594,5.59338,5.69885,5.63731,5.68813,5.61975
25.5989,5.00889,5.25381,5.02598,5.18541,5.13225,0.221208,5.51911,5.66012,5.57236,5.65195,5.58413,11.2856,5.58514,5.66567,5.60653,5.65459,5.59069
28.7059,5.08171,5.37204,5.10557,5.29396,5.23096,3.67849,5.47753,5.61974,5.52706,5.61094,5.53953,14.7152,5.56762,5.63289,5.58860,5.62515,5.57071
31.8129,5.18404,5.50633,5.20647,5.42877,5.35114,7.13578,5.44133,5.57897,5.48466,5.57002,5.49676,18.1449,5.55762,5.60803,5.57110,5.59778,5.55880
34.9200,5.29929,5.64865,5.33889,5.57018,5.48671,10.5931,5.41082,5.53778,5.44815,5.52819,5.45741,21.5745,5.54969,5.58903,5.55877,5.58150,5.55333
38.0270,5.43271,5.78947,5.48682,5.70929,5.62955,14.0504,5.38639,5.49785,5.41552,5.48730,5.42293,25.0042,5.54048,5.58992,5.54625,5.57088,5.55298
41.1340,5.57652,5.91951,5.63500,5.83649,5.77054,17.5076,5.36726,5.46356,5.38830,5.44865,5.39470,28.4338,5.52252,5.59696,5.54012,5.56689,5.55734
44.2411,5.72143,6.02772,5.77285,5.95541,5.90100,20.9649,5.35494,5.43349,5.36959,5.41574,5.37412,31.8635,5.51570,5.60868,5.53985,5.56826,5.56705
47.3481,5.85550,6.11890,5.89832,6.06024,6.01422,24.4222,5.34409,5.40732,5.35883,5.39003,5.36283,35.2931,5.52107,5.62779,5.54779,5.57881,5.58369
50.4551,5.97346,6.18818,6.00614,6.14154,6.10638,27.8795,5.32669,5.39013,5.35150,5.37920,5.36281,38.7228,5.53893,5.65756,5.56423,5.59715,5.60932
53.5622,6.06550,6.23732,6.09417,6.20457,6.17675,31.3368,5.31971,5.42009,5.34953,5.38649,5.37642,42.1524,5.56801,5.70036,5.58903,5.62377,5.64595
56.6692,6.13460,6.26843,6.16686,6.24725,6.22715,34.7941,5.33064,5.46345,5.35705,5.41771,5.40604,45.5821,5.60781,5.75713,5.62324,5.66239,5.69478
59.7763,6.18799,6.28663,6.21750,6.27330,6.26100,38.2514,5.36320,5.53260,5.37956,5.46653,5.45354,49.0117,5.65339,5.82662,5.67133,5.71466,5.75566
62.8833,6.22768,6.29647,6.25175,6.28915,6.28232,41.7086,5.41217,5.61870,5.42244,5.53380,5.51949,52.4414,5.71425,5.90509,5.73011,5.78116,5.82662
65.9903,6.25609,6.30233,6.27561,6.29828,6.29493,45.1659,5.47491,5.71780,5.48559,5.61963,5.60245,55.8710,5.78299,5.98687,5.80008,5.85988,5.90397
69.0974,6.27566,6.30584,6.28907,6.30246,6.30192,48.6232,5.55660,5.82103,5.56572,5.71684,5.69865,59.3007,5.86171,6.06550,5.87686,5.93943,5.98282
72.2044,6.28865,6.30877,6.29663,6.30533,6.30555,52.0805,5.65518,5.92303,5.66322,5.82555,5.80223,62.7303,5.94716,6.13527,5.95843,6.01897,6.05797
75.3114,6.29694,6.30953,6.30099,6.30734,6.30732,55.5378,5.76064,6.01768,5.77066,5.93405,5.90613,66.1600,6.02567,6.19240,6.03663,6.09302,6.12496
78.4185,6.30136,6.31041,6.30267,6.30826,6.30813,58.9951,5.87273,6.10324,5.87943,6.03349,6.00340,69.5896,6.09176,6.23556,6.10351,6.15622,6.18079
81.5255,6.30252,6.31082,6.30420,6.30902,6.30848,62.4524,5.97220,6.17453,5.98078,6.11960,6.08845,73.0193,6.14890,6.26564,6.16044,6.20561,6.22432
84.6325,6.30259,6.31099,6.30439,6.30949,6.30862,65.9097,6.05975,6.22585,6.07084,6.18862,6.15794,76.4489,6.19506,6.28499,6.20785,6.24121,6.25604
87.7396,6.30261,6.31105,6.30450,6.30970,6.30867,69.3669,6.13326,6.25985,6.14273,6.23787,6.21099,79.8786,6.23076,6.29648,6.24244,6.26645,6.27767
90.8466,6.30263,6.31110,6.30462,6.30971,6.30869,72.8242,6.18864,6.28266,6.19904,6.26963,6.24885,83.3082,6.25692,6.30277,6.26684,6.28456,6.29145
93.9536,6.30263,6.31113,6.30468,6.30972,6.30870,76.2815,6.22968,6.29572,6.23880,6.28796,6.27410,86.7379,6.27508,6.30595,6.28289,6.29476,6.29967
97.0607,6.30263,6.31114,6.30470,6.30972,6.30870,79.7388,6.25931,6.30214,6.26648,6.29685,6.28985,90.1675,6.28702,6.30743,6.29268,6.30071,6.30425
100.168,6.30263,6.31114,6.30471,6.30972,6.30870,83.1961,6.27927,6.30611,6.28384,6.30204,6.29903,93.5971,6.29446,6.30807,6.29888,6.30479,6.30664
103.275,6.30263,6.31114,6.30471,6.30972,6.30870,86.6534,6.29181,6.30819,6.29486,6.30478,6.30404,97.0268,6.29885,6.30832,6.30193,6.30726,6.30780
106.382,6.30263,6.31115,6.30472,6.30972,6.30870,90.1107,6.29800,6.30911,6.30027,6.30704,6.30659,100.456,6.30122,6.30961,6.30349,6.30841,6.30833
109.489,6.30263,6.31115,6.30472,6.30972,6.30870,93.5679,6.30034,6.30973,6.30247,6.30844,6.30780,103.886,6.30215,6.31044,6.30444,6.30890,6.30856
112.596,6.30263,6.31115,6.30472,6.30972,6.30870,97.0252,6.30181,6.31048,6.30370,6.30917,6.30834,107.316,6.30261,6.31085,6.30466,6.30938,6.30865
115.703,6.30263,6.31115,6.30472,6.30972,6.30870,100.483,6.30251,6.31089,6.30433,6.30970,6.30856,110.745,6.30263,6.31103,6.30470,6.30958,6.30868
118.810,6.30263,6.31115,6.30472,6.30972,6.30870,103.940,6.30259,6.31106,6.30459,6.30971,6.30865,114.175,6.30263,6.31110,6.30471,6.30966,6.30869
121.917,6.30263,6.31115,6.30472,6.30972,6.30870,107.397,6.30262,6.31112,6.30467,6.30972,6.30868,117.605,6.30263,6.31113,6.30472,6.30970,6.30870
125.024,6.30263,6.31115,6.30472,6.30972,6.30870,110.854,6.30263,6.31114,6.30470,6.30972,6.30869,121.034,6.30263,6.31114,6.30472,6.30971,6.30870
128.131,6.30263,6.31115,6.30472,6.30972,6.30870,114.312,6.30263,6.31114,6.30471,6.30972,6.30870,124.464,6.30263,6.31114,6.30472,6.30972,6.30870
131.238,6.30263,6.31115,6.30472,6.30972,6.30870,117.769,6.30263,6.31114,6.30472,6.30972,6.30870,127.894,6.30263,6.31114,6.30472,6.30972,6.30870
134.345,6.30263,6.31115,6.30472,6.30972,6.30870,121.226,6.30263,6.31115,6.30472,6.30972,6.30870,131.323,6.30263,6.31115,6.30472,6.30972,6.30870
137.452,6.30263,6.31115,6.30472,6.30972,6.30870,124.684,6.30263,6.31115,6.30472,6.30972,6.30870,134.753,6.30263,6.31115,6.30472,6.30972,6.30870
140.559,6.30263,6.31115,6.30472,6.30972,6.30870,128.141,6.30263,6.31115,6.30472,6.30972,6.30870,138.183,6.30263,6.31115,6.30472,6.30972,6.30870
143.666,6.30263,6.31115,6.30472,6.30972,6.30870,131.598,6.30263,6.31115,6.30472,6.30972,6.30870,141.612,6.30263,6.31115,6.30472,6.30972,6.30870
146.773,6.30263,6.31115,6.30472,6.30972,6.30870,135.055,6.30263,6.31115,6.30472,6.30972,6.30870,145.042,6.30263,6.31115,6.30472,6.30972,6.30870
149.880,6.30263,6.31115,6.30472,6.30972,6.30870,138.513,6.30263,6.31115,6.30472,6.30972,6.30870,148.472,6.30263,6.31115,6.30472,6.30972,6.30870
152.987,6.30263,6.31115,6.30472,6.30972,6.30870,141.970,6.30263,6.31115,6.30472,6.30972,6.30870,151.901,6.30263,6.31115,6.30472,6.30972,6.30870
156.094,6.30263,6.31115,6.30472,6.30972,6.30870,145.427,6.30263,6.31115,6.30472,6.30972,6.30870,155.331,6.30263,6.31115,6.30472,6.30972,6.30870
159.201,6.30263,6.31115,6.30472,6.30972,6.30870,148.885,6.30263,6.31115,6.30472,6.30972,6.30870,158.760,6.30263,6.31115,6.30472,6.30972,6.30870
162.308,6.30263,6.31115,6.30472,6.30972,6.30870,152.342,6.30263,6.31115,6.30472,6.30972,6.30870,162.190,6.30263,6.31115,6.30472,6.30972,6.30870
165.415,6.30263,6.31115,6.30472,6.30972,6.30870,155.799,6.30263,6.31115,6.30472,6.30972,6.30870,165.620,6.30263,6.31115,6.30472,6.30972,6.30870
168.522,6.30263,6.31115,6.30472,6.30972,6.30870,159.256,6.30263,6.31115,6.30472,6.30972,6.30870,169.049,6.30263,6.31115,6.30472,6.30972,6.30870
171.630,6.30263,6.31115,6.30472,6.30972,6.30870,162.714,6.30263,6.31115,6.30472,6.30972,6.30870,172.479,6.30263,6.31115,6.30472,6.30972,6.30870
174.737,6.30263,6.31115,6.30472,6.30972,6.30870,166.171,6.30263,6.31115,6.30472,6.30972,6.30870,175.909,6.30263,6.31115,6.30472,6.30972,6.30870
177.844,6.30263,6.31115,6.30472,6.30972,6.30870,169.628,6.30263,6.31115,6.30472,6.30972,6.30870,179.338,6.30263,6.31115,6.30472,6.30972,6.30870
180.951,6.30263,6.31115,6.30472,6.30972,6.30870,173.086,6.30263,6.31115,6.30472,6.30972,6.30870,182.768,6.30263,6.31115,6.30472,6.30972,6.30870
184.058,6.30263,6.31115,6.30472,6.30972,6.30870,176.543,6.30263,6.31115,6.30472,6.30972,6.30870,186.198,6.30263,6.31115,6.30472,6.30972,6.30870
187.165,6.30263,6.31115,6.30472,6.30972,6.30870,180.000,6.30263,6.31115,6.30472,6.30972,6.30870,189.627,6.30263,6.31115,6.30472,6.30972,6.30870
190.272,6.30263,6.31115,6.30472,6.30972,6.30870,183.457,6.30263,6.31115,6.30472,6.30972,6.30870,193.057,6.30263,6.31115,6.30472,6.30972,6.30870
193.379,6.30263,6.31115,6.30472,6.30972,6.30870,186.915,6.30263,6.31115,6.30472,6.30972,6.30870,196.487,6.30263,6.31115,6.30472,6.30972,6.30870
196.486,6.30263,6.31115,6.30472,6.30972,6.30870,190.372,6.30263,6.31115,6.30472,6.30972,6.30870,199.916,6.30263,6.31115,6.30472,6.30972,6.30870
199.593,6.30263,6.31115,6.30472,6.30972,6.30870,193.829,6.30263,6.31115,6.30472,6.30972,6.30870,203.346,6.30263,6.31115,6.30472,6.30972,6.30870
202.700,6.30263,6.31115,6.30472,6.30972,6.30870,197.287,6.30263,6.31115,6.30472,6.30972,6.30870,206.776,6.30263,6.31115,6.30472,6.30972,6.30870
205.807,6.30263,6.31115,6.30472,6.30972,6.30870,200.744,6.30263,6.31115,6.30472,6.30972,6.30870,210.205,6.30263,6.31115,6.30472,6.30972,6.30870
208.914,6.30263,6.31115,6.30472,6.30972,6.30870,204.201,6.30263,6.31115,6.30472,6.30972,6.30870,213.635,6.30263,6.31115,6.30472,6.30972,6.30870
212.021,6.30263,6.31115,6.30472,6.30972,6.30870,207.658,6.30263,6.31115,6.30472,6.30972,6.30870,217.064,6.30263,6.31115,6.30472,6.30972,6.30870
215.128,6.30263,6.31115,6.30472,6.30972,6.30870,211.116,6.30263,6.31115,6.30472,6.30972,6.30870,220.494,6.30263,6.31115,6.30472,6.30972,6.30870
218.235,6.30263,6.31115,6.30472,6.30972,6.30870,214.573,6.30263,6.31115,6.30472,6.30972,6.30870,223.924,6.30263,6.31115,6.30472,6.30972,6.30870
221.342,6.30263,6.31115,6.30472,6.30972,6.30870,218.030,6.30263,6.31115,6.30472,6.30972,6.30870,227.353,6.30263,6.31115,6.30472,6.30972,6.30870
224.449,6.30263,6.31115,6.30472,6.30972,6.30870,221.488,6.30263,6.31115,6.30472,6.30972,6.30870,230.783,6.30263,6.31115,6.30472,6.30972,6.30870
227.556,6.30263,6.31115,6.30472,6.30972,6.30870,224.945,6.30263,6.31115,6.30472,6.30972,6.30870,234.213,6.30263,6.31115,6.30472,6.30972,6.30870
230.663,6.30263,6.31115,6.30472,6.30972,6.30870,228.402,6.30263,6.31115,6.30472,6.30972,6.30870,237.642,6.30263,6.31115,6.30472,6.30972,6.30870
233.770,6.30263,6.31115,6.30472,6.30972,6.30870,231.859,6.30263,6.31115,6.30472,6.30972,6.30870,241.072,6.30263,6.31115,6.30472,6.30972,6.30870
236.877,6.30263,6.31115,6.30472,6.30972,6.30870,235.317,6.30263,6.31115,6.30472,6.30972,6.30870,244.502,6.30263,6.31115,6.30472,6.30972,6.30870
239.984,6.30263,6.31115,6.30472,6.30972,6.30870,238.774,6.30263,6.31115,6.30472,6.30972,6.30870,247.931,6.30263,6.31115,6.30472,6.30972,6.30870
243.091,6.30263,6.31115,6.30472,6.30972,6.30870,242.231,6.30263,6.31115,6.30472,6.30972,6.30870,251.361,6.30263,6.31115,6.30472,6.30972,6.30870
246.198,6.30263,6.31115,6.30472,6.30972,6.30870,245.689,6.30263,6.31115,6.30472,6.30972,6.30870,254.791,6.30263,6.31115,6.30472,6.30972,6.30870
249.305,6.30263,6.31115,6.30472,6.30972,6.30870,249.146,6.30263,6.31115,6.30472,6.30972,6.30870,258.220,6.30263,6.31115,6.30472,6.30972,6.30870
252.412,6.30263,6.31115,6.30472,6.30972,6.30870,252.603,6.30263,6.31115,6.30472,6.30972,6.30870,261.650,6.30263,6.31115,6.30472,6.30972,6.30870
255.519,6.30263,6.31115,6.30472,6.30972,6.30870,256.060,6.30263,6.31115,6.30472,6.30972,6.30870,265.080,6.30263,6.31115,6.30472,6.30972,6.30870
258.627,6.30263,6.31115,6.30472,6.30972,6.30870,259.518,6.30263,6.31115,6.30472,6.30972,6.30870,268.509,6.30263,6.31115,6.30472,6.30972,6.30870
261.734,6.30263,6.31115,6.30472,6.30972,6.30870,262.975,6.30263,6.31115,6.30472,6.30972,6.30870,271.939,6.30263,6.31115,6.30472,6.30972,6.30870
264.841,6.30263,6.31115,6.30472,6.30972,6.30870,266.432,6.30263,6.31115,6.30472,6.30972,6.30870,275.369,6.30263,6.31115,6.30472,6.30972,6.30870
267.948,6.30263,6.31115,6.30472,6.30972,6.30870,269.890,6.30263,6.31115,6.30472,6.30972,6.30870,278.798,6.30263,6.31115,6.30472,6.30972,6.30870
271.055,6.30263,6.31115,6.30472,6.30972,6.30870,273.347,6.30263,6.31115,6.30472,6.30972,6.30870,282.228,6.30263,6.31115,6.30472,6.30972,6.30870
274.162,6.30263,6.31115,6.30472,6.30972,6.30870,276.804,6.30263,6.31115,6.30472,6.30972,6.30870,285.657,6.30263,6.31115,6.30472,6.30972,6.30870
277.269,6.30263,6.31115,6.30472,6.30972,6.30870,280.261,6.30263,6.31115,6.30472,6.30972,6.30870,289.087,6.30263,6.31115,6.30472,6.30972,6.30870
280.376,6.30263,6.31115,6.30472,6.30972,6.30870,283.719,6.30263,6.31115,6.30472,6.30972,6.30870,292.517,6.30263,6.31115,6.30472,6.30972,6.30870
283.483,6.30263,6.31115,6.30472,6.30972,6.30870,287.176,6.30263,6.31115,6.30472,6.30972,6.30870,295.946,6.30263,6.31115,6.30472,6.30972,6.30870
286.590,6.30263,6.31115,6.30472,6.30972,6.30870,290.633,6.30263,6.31115,6.30472,6.30972,6.30870,299.376,6.30263,6.31115,6.30472,6.30972,6.30870
289.697,6.30263,6.31115,6.30472,6.30972,6.30870,294.091,6.30263,6.31115,6.30472,6.30972,6.30870,302.806,6.30263,6.31115,6.30472,6.30972,6.30870
292.804,6.30263,6.31115,6.30472,6.30972,6.30870,297.548,6.30263,6.31115,6.30472,6.30972,6.30870,306.235,6.30263,6.31115,6.30472,6.30972,6.30870
295.911,6.30263,6.31115,6.30472,6.30972,6.30870,301.005,6.30263,6.31115,6.30472,6.30972,6.30870,309.665,6.30263,6.31115,6.30472,6.30972,6.30870
299.018,6.30263,6.31115,6.30472,6.30972,6.30870,304.462,6.30263,6.31115,6.30472,6.30972,6.30870,313.095,6.30263,6.31115,6.30472,6.30972,6.30870
302.125,6.30263,6.31115,6.30472,6.30972,6.30870,307.920,6.30263,6.31115,6.30472,6.30972,6.30870,316.524,6.30263,6.31115,6.30472,6.30972,6.30870
305.232,6.30263,6.31115,6.30472,6.30972,6.30870,311.377,6.30263,6.31115,6.30472,6.30972,6.30870,319.954,6.30263,6.31115,6.30472,6.30972,6.30870
308.339,6.30263,6.31115,6.30472,6.30972,6.30870,314.834,6.30263,6.31115,6.30472,6.30972,6.30870,323.384,6.30263,6.31115,6.30472,6.30972,6.30870
311.446,6.30263,6.31115,6.30472,6.30972,6.30870,318.292,6.30263,6.31115,6.30472,6.30972,6.30870,326.813,6.30263,6.31115,6.30472,6.30972,6.30870
314.553,6.30263,6.31115,6.30472,6.30972,6.30870,321.749,6.30263,6.31115,6.30472,6.30972,6.30870,330.243,6.30263,6.31115,6.30472,6.30972,6.30870
317.660,6.30263,6.31115,6.30472,6.30972,6.30870,325.206,6.30263,6.31115,6.30472,6.30972,6.30870,333.673,6.30263,6.31115,6.30472,6.30972,6.30870
320.767,6.30263,6.31115,6.30472,6.30972,6.30870,328.663,6.30263,6.31115,6.30472,6.30972,6.30870,337.102,6.30263,6.31115,6.30472,6.30972,6.30870
323.874,6.30263,6.31115,6.30472,6.30972,6.30870,332.121,6.30263,6.31115,6.30472,6.30972,6.30870,340.532,6.30263,6.31115,6.30472,6.30972,6.30870
326.981,6.30263,6.31115,6.30472,6.30972,6.30870,335.578,6.30263,6.31115,6.30472,6.30972,6.30870,343.961,6.30263,6.31115,6.30472,6.30972,6.30870
330.088,6.30263,6.31115,6.30472,6.30972,6.30870,339.035,6.30263,6.31115,6.30472,6.30972,6.30870,347.391,6.30263,6.31115,6.30472,6.30972,6.30870
333.195,6.30263,6.31115,6.30472,6.30972,6.30870,342.493,6.30263,6.31115,6.30472,6.30972,6.30870,350.821,6.30263,6.31115,6.30472,6.30972,6.30870
336.302,6.30263,6.31115,6.30472,6.30972,6.30870,345.950,6.30263,6.31115,6.30472,6.30972,6.30870,354.250,6.30263,6.31115,6.30472,6.30972,6.30870
339.409,6.30263,6.31115,6.30472,6.30972,6.30870,349.407,6.30263,6.31115,6.30472,6.30972,6.30870,357.680,6.30263,6.31115,6.30472,6.30972,6.30870
342.516,6.30263,6.31115,6.30472,6.30972,6.30870,352.864,6.30263,6.31115,6.30472,6.30972,6.30870,361.110,6.30263,6.31115,6.30472,6.30972,6.30870
345.623,6.30263,6.31115,6.30472,6.30972,6.30870,356.322,6.30263,6.31115,6.30472,6.30972,6.30870,364.539,6.30263,6.31115,6.30472,6.30972,6.30870
348.731,6.30263,6.31115,6.30472,6.30972,6.30870,359.779,6.30263,6.31115,6.30472,6.30972,6.30870,367.969,6.30263,6.31115,6.30472,6.30972,6.30870
351.838,6.30263,6.31115,6.30472,6.30972,6.30870,363.236,6.30263,6.31115,6.30472,6.30972,6.30870,371.399,6.30263,6.31115,6.30472,6.30972,6.30870
354.945,6.30263,6.31115,6.30472,6.30972,6.30870,366.694,6.30263,6.31115,6.30472,6.30972,6.30870,374.828,6.30263,6.31115,6.30472,6.30972,6.30870
358.052,6.30263,6.31115,6.30472,6.30972,6.30870,370.151,6.30263,6.31115,6.30472,6.30972,6.30870,378.258,6.30263,6.31115,6.30472,6.30972,6.30870
361.159,6.30263,6.31115,6.30472,6.30972,6.30870,373.608,6.30263,6.31115,6.30472,6.30972,6.30870,381.688,6.30263,6.31115,6.30472,6.30972,6.30870
364.266,6.30263,6.31115,6.30472,6.30972,6.30870,377.065,6.30263,6.31115,6.30472,6.30972,6.30870,385.117,6.30263,6.31115,6.30472,6.30972,6.30870
367.373,6.30263,6.31115,6.30472,6.30972,6.30870,380.523,6.30263,6.31115,6.30472,6.30972,6.30870,388.547,6.30263,6.31115,6.30472,6.30972,6.30870
370.480,6.30263,6.31115,6.30472,6.30972,6.30870,383.980,6.30263,6.31115,6.30472,6.30972,6.30870,391.977,6.30263,6.31115,6.30472,6.30972,6.30870
373.587,6.30263,6.31115,6.30472,6.30972,6.30870,387.437,6.30263,6.31115,6.30472,6.30972,6.30870,395.406,6.30263,6.31115,6.30472,6.30972,6.30870
376.694,6.30263,6.31115,6.30472,6.30972,6.30870,390.895,6.30263,6.31115,6.30472,6.30972,6.30870,398.836,6.30263,6.31115,6.30472,6.30972,6.30870
379.801,6.30263,6.31115,6.30472,6.30972,6.30870,394.352,6.30263,6.31115,6.30472,6.30972,6.30870,402.265,6.30263,6.31115,6.30472,6.30972,6.30870
382.908,6.30263,6.31115,6.30472,6.30972,6.30870,397.809,6.30263,6.31115,6.30472,6.30972,6.30870,405.695,6.30263,6.31115,6.30472,6.30972,6.30870
386.015,6.30263,6.31115,6.30472,6.30972,6.30870,401.266,6.30263,6.31115,6.30472,6.30972,6.30870,409.125,6.30263,6.31115,6.30472,6.30972,6.30870
389.122,6.30263,6.31115,6.30472,6.30972,6.30870,404.724,6.30263,6.31115,6.30472,6.30972,6.30870,412.554,6.30263,6.31115,6.30472,6.30972,6.30870
392.229,6.30263,6.31115,6.30472,6.30972,6.30870,408.181,6.30263,6.31115,6.30472,6.30972,6.30870,415.984,6.30263,6.31115,6.30472,6.30972,6.30870
395.336,6.30263,6.31115,6.30472,6.30972,6.30870,411.638,6.30263,6.31115,6.30472,6.30972,6.30870,419.414,6.30263,6.31115,6.30472,6.30972,6.30870
398.443,6.30263,6.31115,6.30472,6.30972,6.30870,415.096,6.30263,6.31115,6.30472,6.30972,6.30870,422.843,6.30263,6.31115,6.30472,6.30972,6.30870
401.550,6.30263,6.31115,6.30472,6.30972,6.30870,418.553,6.30263,6.31115,6.30472,6.30972,6.30870,426.273,6.30263,6.31115,6.30472,6.30972,6.30870
404.657,6.30263,6.31115,6.30472,6.30972,6.30870,422.010,6.30263,6.31115,6.30472,6.30972,6.30870,429.703,6.30263,6.31115,6.30472,6.30972,6.30870
407.764,6.30263,6.31115,6.30472,6.30972,6.30870,425.467,6.30263,6.31115,6.30472,6.30972,6.30870,433.132,6.30263,6.31115,6.30472,6.30972,6.30870
410.871,6.30263,6.31115,6.30472,6.30972,6.30870,428.925,6.30263,6.31115,6.30472,6.30972,6.30870,436.562,6.30263,6.31115,6.30472,6.30972,6.30870
413.978,6.30263,6.31115,6.30472,6.30972,6.30870,432.382,6.30263,6.31115,6.30472,6.30972,6.30870,439.992,6.30263,6.31115,6.30472,6.30972,6.30870
417.085,6.30263,6.31115,6.30472,6.30972,6.30870,435.839,6.30263,6.31115,6.30472,6.30972,6.30870,443.421,6.30263,6.31115,6.30472,6.30972,6.30870
420.192,6.30263,6.31115,6.30472,6.30972,6.30870,439.297,6.30263,6.31115,6.30472,6.30972,6.30870,446.851,6.30263,6.31115,6.30472,6.30972,6.30870
423.299,6.30263,6.31115,6.30472,6.30972,6.30870,442.754,6.30263,6.31115,6.30472,6.30972,6.30870,450.281,6.30263,6.31115,6.30472,6.30972,6.30870
426.406,6.30263,6.31115,6.30472,6.30972,6.30870,446.211,6.30263,6.31115,6.30472,6.30972,6.30870,453.710,6.30263,6.31115,6.30472,6.30972,6.30870
429.513,6.30263,6.31115,6.30472,6.30972,6.30870,449.668,6.30263,6.31115,6.30472,6.30972,6.30870,457.140,6.30263,6.31115,6.30472,6.30972,6.30870
432.620,6.30263,6.31115,6.30472,6.30972,6.30870,453.126,6.30263,6.31115,6.30472,6.30972,6.30870,460.570,6.30263,6.31115,6.30472,6.30972,6.30870
435.728,6.30263,6.31115,6.30472,6.30972,6.30870,456.583,6.30263,6.31115,6.30472,6.30972,6.30870,463.999,6.30263,6.31115,6.30472,6.30972,6.30870
438.835,6.30263,6.31115,6.30472,6.30972,6.30870,460.040,6.30263,6.31115,6.30472,6.30972,6.30870,467.429,6.30263,6.31115,6.30472,6.30972,6.30870
441.942,6.30263,6.31115,6.30472,6.30972,6.30870,463.498,6.30263,6.31115,6.30472,6.30972,6.30870,470.858,6.30263,6.31115,6.30472,6.30972,6.30870
445.049,6.30263,6.31115,6.30472,6.30972,6.30870,466.955,6.30263,6.31115,6.30472,6.30972,6.30870,474.288,6.30263,6.31115,6.30472,6.30972,6.30870
448.156,6.30263,6.31115,6.30472,6.30972,6.30870,470.412,6.30263,6.31115,6.30472,6.30972,6.30870,477.718,6.30263,6.31115,6.30472,6.30972,6.30870
451.263,6.30263,6.31115,6.30472,6.30972,6.30870,473.869,6.30263,6.31115,6.30472,6.30972,6.30870,481.147,6.30263,6.31115,6.30472,6.30972,6.30870
454.370,6.30263,6.31115,6.30472,6.30972,6.30870,477.327,6.30263,6.31115,6.30472,6.30972,6.30870,484.577,6.30263,6.31115,6.30472,6.30972,6.30870
457.477,6.30263,6.31115,6.30472,6.30972,6.30870,480.784,6.30263,6.31115,6.30472,6.30972,6.30870,488.007,6.30263,6.31115,6.30472,6.30972,6.30870
460.584,6.30263,6.31115,6.30472,6.30972,6.30870,484.241,6.30263,6.31115,6.30472,6.30972,6.30870,491.436,6.30263,6.31115,6.30472,6.30972,6.30870
463.691,6.30263,6.31115,6.30472,6.30972,6.30870,487.699,6.30263,6.31115,6.30472,6.30972,6.30870,494.866,6.30263,6.31115,6.30472,6.30972,6.30870
466.798,6.30263,6.31115,6.30472,6.30972,6.30870,491.156,6.30263,6.31115,6.30472,6.30972,6.30870,498.296,6.30263,6.31115,6.30472,6.30972,6.30870
469.905,6.30263,6.31115,6.30472,6.30972,6.30870,494.613,6.30263,6.31115,6.30472,6.30972,6.30870,501.725,6.30263,6.31115,6.30472,6.30972,6.30870
473.012,6.30263,6.31115,6.30472,6.30972,6.30870,498.070,6.30263,6.31115,6.30472,6.30972,6.30870,505.155,6.30263,6.31115,6.30472,6.30972,6.30870
476.119,6.30263,6.31115,6.30472,6.30972,6.30870,501.528,6.30263,6.31115,6.30472,6.30972,6.30870,508.585,6.30263,6.31115,6.30472,6.30972,6.30870
479.226,6.30263,6.31115,6.30472,6.30972,6.30870,504.985,6.30263,6.31115,6.30472,6.30972,6.30870,512.014,6.30263,6.31115,6.30472,6.30972,6.30870
482.333,6.30263,6.31115,6.30472,6.30972,6.30870,508.442,6.30263,6.31115,6.30472,6.30972,6.30870,515.444,6.30263,6.31115,6.30472,6.30972,6.30870
485.440,6.30263,6.31115,6.30472,6.30972,6.30870,511.900,6.30263,6.31115,6.30472,6.30972,6.30870,518.874,6.30263,6.31115,6.30472,6.30972,6.30870
488.547,6.30263,6.31115,6.30472,6.30972,6.30870,515.357,6.30263,6.31115,6.30472,6.30972,6.30870,522.303,6.30263,6.31115,6.30472,6.30972,6.30870
491.654,6.30263,6.31115,6.30472,6.30971,6.30870,518.814,6.30263,6.31115,6.30472,6.30972,6.30870,525.733,6.30263,6.31115,6.30472,6.30972,6.30870
494.761,6.30256,6.31114,6.30472,6.30964,6.30870,522.271,6.30263,6.31115,6.30472,6.30972,6.30870,529.162,6.30263,6.31115,6.30472,6.30972,6.30870
497.868,6.30181,6.31111,6.30451,6.30948,6.30866,525.729,6.30263,6.31115,6.30472,6.30972,6.30870,532.592,6.30263,6.31115,6.30472,6.30972,6.30870
500.975,6.29447,6.31090,6.30299,6.30885,6.30806,529.186,6.30263,6.31115,6.30472,6.30972,6.30870,536.022,6.30263,6.31115,6.30472,6.30972,6.30870
504.082,6.23020,6.31027,6.28263,6.30756,6.30189,532.643,6.30263,6.31115,6.30472,6.30968,6.30870,539.451,6.30263,6.31115,6.30472,6.30972,6.30870
507.189,5.95407,6.30657,6.16603,6.29974,6.25898,536.101,6.30259,6.31114,6.30446,6.30921,6.30864,542.881,6.30255,6.31114,6.30462,6.30972,6.30857
510.296,5.18386,6.28384,5.74379,6.25909,6.05873,539.558,6.28299,6.31110,6.30269,6.30905,6.30756,546.311,6.27450,6.31104,6.30413,6.30964,6.30644
513.403,3.72043,6.16424,4.71758,6.07174,5.43113,543.015,6.14833,6.31023,6.28245,6.30802,6.29456,549.740,6.10003,6.30973,6.29564,6.30833,6.28436
516.510,1.82976,5.72518,3.02518,5.48238,4.10928,546.472,5.60793,6.30223,6.14474,6.30043,6.19955,553.170,5.46906,6.29711,6.22794,6.29502,6.14311
519.617,0.167967,4.65047,1.12369,4.21844,2.23753,549.930,4.26964,6.24403,5.57989,6.23736,5.77401,556.600,4.03500,6.21053,5.89767,6.20147,5.58546
522.724,-0.825739,2.92492,-0.314701,2.37340,0.455440,553.387,2.22309,5.94074,4.19235,5.92343,4.60543,560.029,1.98460,5.80629,4.90535,5.78590,4.22498
525.832,-1.22706,1.01562,-1.04392,0.555764,-0.684718,556.844,0.289833,4.97498,2.10660,4.95259,2.63504,563.459,0.139178,4.65986,3.06773,4.64005,2.17168
528.939,-1.31971,-0.367065,-1.28350,-0.633929,-1.17242,560.302,-0.837211,3.16920,0.187826,3.13201,0.594833,566.889,-0.905013,2.74214,0.970244,2.71097,0.254300
532.046,-1.34767,-1.05984,-1.32278,-1.14715,-1.30472,563.759,-1.23947,1.09248,-0.891327,1.01920,-0.701809,570.318,-1.27114,0.738274,-0.504641,0.692481,-0.852468
535.153,-1.34098,-1.24766,-1.32525,-1.28227,-1.30855,567.216,-1.33270,-0.430401,-1.25586,-0.483023,-1.20430,573.748,-1.33297,-0.619471,-1.14098,-0.641438,-1.24322
538.260,-1.35214,-1.13490,-1.31865,-1.21200,-1.26086,570.673,-1.34619,-1.12552,-1.31955,-1.13716,-1.31258,577.178,-1.32403,-1.17357,-1.29037,-1.18695,-1.31499
541.367,-1.30456,-0.941465,-1.27212,-1.07119,-1.16254,574.131,-1.34714,-1.20165,-1.32635,-1.28049,-1.29639,580.607,-1.35140,-1.19891,-1.33062,-1.29386,-1.28761
544.474,-1.21360,-0.655065,-1.17135,-0.845271,-0.993493,577.588,-1.34303,-1.03446,-1.31984,-1.19828,-1.22174,584.037,-1.33969,-1.01858,-1.32039,-1.25190,-1.20313
547.581,-1.07027,-0.279510,-1.00785,-0.527695,-0.735174,581.045,-1.26945,-0.759468,-1.25331,-1.02896,-1.07345,587.466,-1.26130,-0.733900,-1.24465,-1.12175,-1.04155
550.688,-0.842297,0.160508,-0.757921,-0.126705,-0.383389,584.503,-1.13159,-0.370276,-1.11776,-0.749645,-0.823049,590.896,-1.11360,-0.340779,-1.09837,-0.898870,-0.775780
553.795,-0.515725,0.621162,-0.408176,0.325483,0.0436235,587.960,-0.900283,0.110669,-0.891189,-0.353441,-0.456381,594.326,-0.867140,0.134254,-0.856335,-0.566810,-0.395869
556.902,-0.111009,1.05207,0.0170313,0.777697,0.505632,591.417,-0.559296,0.625968,-0.551475,0.133298,0.00938119,597.755,-0.510354,0.636576,-0.503911,-0.128733,0.0763440
560.009,0.344425,1.41224,0.477465,1.18402,0.951193,594.874,-0.116238,1.10468,-0.106112,0.651205,0.522661,601.185,-0.0551190,1.10141,-0.0503737,0.373637,0.586684
563.116,0.803198,1.68123,0.925287,1.51636,1.33420,598.332,0.391000,1.49028,0.400349,1.12849,1.01338,604.615,0.451331,1.47785,0.457787,0.874361,1.06624
566.223,1.20899,1.86074,1.31157,1.75323,1.62767,601.789,0.890420,1.75960,0.902588,1.50946,1.42040,608.044,0.939934,1.74469,0.948526,1.30816,1.45806
569.330,1.53420,1.96778,1.60987,1.90451,1.82810,605.246,1.32079,1.92267,1.33346,1.77281,1.71325,611.474,1.35550,1.91023,1.36453,1.63479,1.73640
572.437,1.76587,2.02481,1.81726,1.99140,1.95011,608.704,1.64309,2.00830,1.65353,1.92973,1.89608,614.904,1.65975,2.00013,1.67012,1.84855,1.90832
575.544,1.91317,2.05196,1.94491,2.03613,2.01631,612.161,1.85147,2.04728,1.86039,2.01121,1.99508,618.333,1.85951,2.04288,1.86870,1.97014,2.00066
578.651,1.99674,2.06351,2.01428,2.05680,2.04833,615.618,1.97002,2.06266,1.97633,2.04850,2.04159,621.763,1.97376,2.06068,1.97999,2.03005,2.04377
581.758,2.03905,2.06547,2.04751,2.06518,2.06213,619.075,2.02952,2.06544,2.03296,2.06315,2.06054,625.193,2.03090,2.06534,2.03422,2.05591,2.06127
584.865,2.05821,2.06547,2.06182,2.06541,2.06538,622.533,2.05552,2.06545,2.05707,2.06537,2.06531,628.622,2.05592,2.06542,2.05746,2.06531,2.06545
587.972,2.06527,2.06548,2.06531,2.06542,2.06538,625.990,2.06527,2.06547,2.06531,2.06543,2.06531,632.052,2.06528,2.06546,2.06533,2.06543,2.06545